IntegerID,CodePredictions,RealProductTypeCodes
0,1320,1320
1,1280,40
2,1300,1300
3,1560,1560
4,1920,1920
5,2583,2585
6,2060,1302
7,2583,2583
8,2280,2280
9,1140,1280
10,2583,2060
11,2583,2582
12,1302,1302
13,2583,2583
14,2462,2462
15,2522,2522
16,2403,2403
17,1280,1280
18,1302,1302
19,10,10
20,2280,2280
21,2060,1560
22,2060,2060
23,1301,1301
24,1280,10
25,1300,1300
26,2583,2583
27,2583,2583
28,2583,2522
29,2583,2583
30,2583,10
31,2583,2280
32,2583,2585
33,1280,40
34,2403,2403
35,1160,1160
36,2280,2280
37,1920,1920
38,1560,2060
39,1920,1920
40,1280,1280
41,2060,2705
42,2522,2522
43,2583,2583
44,1560,1940
45,2583,2583
46,1280,1280
47,1280,1140
48,1560,2582
49,40,40
50,1160,1180
51,2280,2280
52,1160,1160
53,2583,10
54,1320,1320
55,2583,1560
56,2403,10
57,2403,2280
58,1920,1920
59,2583,2583
60,2705,2705
61,1280,1280
62,1140,1140
63,1560,1560
64,1300,1300
65,2583,2585
66,2280,2280
67,40,40
68,1560,1560
69,2522,2522
70,1280,1280
71,1560,1560
72,2060,2060
73,1560,2060
74,2060,2585
75,2060,10
76,1560,1560
77,1300,1280
78,1280,1140
79,2583,2583
80,2060,2060
81,1300,1300
82,2905,2905
83,1320,1320
84,60,60
85,2280,40
86,1300,1300
87,1300,1280
88,2522,2522
89,2583,2583
90,1140,1140
91,1300,1300
92,1280,1280
93,1300,1300
94,2403,2403
95,1140,1140
96,1300,1300
97,2583,1300
98,1280,1281
99,2522,2705
100,2060,1560
101,1920,1920
102,1560,2060
103,2403,2403
104,1560,1560
105,1560,1560
106,2280,1940
107,60,60
108,2582,2582
109,50,1281
110,2403,2403
111,1160,1160
112,10,10
113,1300,1280
114,1160,1160
115,2705,2705
116,2403,2403
117,2280,2522
118,50,40
119,2060,2060
120,10,10
121,2060,2582
122,1280,1280
123,2705,1281
124,1160,1160
125,2583,2583
126,1300,1300
127,2522,2522
128,2583,2583
129,2280,2280
130,2403,2403
131,2462,2462
132,2060,2060
133,1920,1920
134,2403,1160
135,2403,2705
136,1140,50
137,2060,2060
138,2583,2583
139,2060,1560
140,2705,2705
141,60,60
142,2583,2583
143,2060,2585
144,2583,2583
145,40,40
146,2583,2522
147,2403,2705
148,2583,2280
149,2583,2583
150,2280,40
151,1300,1280
152,1280,2060
153,1140,1140
154,2280,2403
155,1280,1320
156,2060,2060
157,40,40
158,1140,1140
159,1300,1300
160,1160,1160
161,2403,2705
162,1300,1300
163,2280,2280
164,2280,2280
165,2403,2705
166,2403,2403
167,2280,2705
168,1300,1300
169,1320,1320
170,1560,1560
171,1160,1160
172,2403,2403
173,2403,2403
174,2583,2583
175,2060,2060
176,1160,1160
177,1560,1560
178,40,1140
179,1301,1301
180,2060,2060
181,1560,1560
182,1280,2220
183,2403,2705
184,2060,2060
185,2060,1302
186,2060,2060
187,2280,2280
188,2280,2403
189,10,10
190,2582,2582
191,1301,1301
192,1280,1280
193,1280,1320
194,2522,2522
195,1280,1140
196,2403,2280
197,2583,2583
198,1280,1280
199,1300,1300
200,2280,10
201,2522,2522
202,2583,2583
203,2522,2522
204,2583,2583
205,1560,1940
206,1140,1280
207,2522,2403
208,2583,2583
209,1560,1560
210,2583,2583
211,2403,2403
212,2905,2905
213,1560,2585
214,2583,10
215,1160,40
216,2060,1320
217,2060,2060
218,1301,1301
219,1560,2060
220,1320,1320
221,2462,50
222,1302,1302
223,2583,2583
224,2583,1302
225,2280,2403
226,2705,1281
227,2583,2583
228,2280,2280
229,1160,1160
230,2403,2403
231,2280,40
232,2280,2280
233,1140,1140
234,1140,1140
235,2583,2583
236,1140,1140
237,1560,1560
238,2280,2280
239,2060,2585
240,1280,1280
241,2462,40
242,1560,50
243,1300,1300
244,1320,1320
245,2403,2280
246,1560,1302
247,2060,2060
248,1280,1940
249,2583,2462
250,2705,2705
251,1140,1140
252,2583,2583
253,2522,2522
254,2403,2280
255,1560,1920
256,2583,2583
257,2583,2582
258,2905,2905
259,1160,1160
260,1160,1160
261,1920,2060
262,2522,2522
263,2280,2705
264,1280,2582
265,1300,50
266,2583,2583
267,40,50
268,1280,1280
269,2522,2522
270,1920,1920
271,1920,1920
272,2403,40
273,2522,1281
274,1160,1160
275,2403,1180
276,1320,1320
277,2280,1140
278,1140,1140
279,1560,1940
280,2583,2583
281,1920,1180
282,1920,1920
283,2583,2583
284,2280,2280
285,2583,2583
286,40,1140
287,1280,40
288,2583,2583
289,2522,2522
290,1920,1920
291,1300,1280
292,2582,2582
293,1560,2585
294,1560,1560
295,1300,40
296,1560,1560
297,2583,2583
298,2403,2403
299,1280,1280
300,2403,2403
301,2583,2583
302,1140,1140
303,1280,1281
304,2522,2522
305,2060,50
306,1300,1300
307,1300,1300
308,1140,1280
309,2583,2585
310,1280,1280
311,1560,1940
312,1300,2585
313,1280,2403
314,1560,1560
315,2705,2705
316,2583,2583
317,2583,2583
318,2522,2522
319,2403,2403
320,2583,2583
321,1160,1160
322,2280,2280
323,2403,2403
324,2060,2060
325,2705,2705
326,2403,2403
327,2403,2403
328,2280,2705
329,2403,2403
330,2583,2583
331,2583,2583
332,1280,1281
333,1280,1180
334,2583,2583
335,2522,2522
336,2583,2583
337,2403,2280
338,1160,1160
339,2060,2060
340,60,60
341,2522,2522
342,1280,1281
343,2522,50
344,2583,2905
345,1560,1560
346,2583,2583
347,1280,1280
348,1560,1560
349,2060,2060
350,2403,2403
351,1140,1180
352,1160,1160
353,2583,1281
354,2060,2060
355,2583,1281
356,1920,1920
357,2060,2582
358,1280,1280
359,2583,2583
360,1560,2060
361,1280,40
362,1300,1300
363,2522,2522
364,2060,2060
365,2583,2462
366,2522,2522
367,1320,1320
368,1280,1280
369,2583,2583
370,1560,1560
371,2583,2583
372,2905,2905
373,2583,2220
374,2583,1301
375,1300,1300
376,2403,2403
377,1160,1160
378,1300,1300
379,1160,1160
380,1280,40
381,2583,2583
382,2522,2522
383,2060,2060
384,1560,1560
385,1280,1280
386,2583,2583
387,1280,1180
388,2462,2462
389,1300,1300
390,2583,2522
391,2583,1940
392,50,50
393,2280,1140
394,2060,2060
395,2522,2522
396,2522,2522
397,1560,1560
398,2583,2583
399,1160,1160
400,1160,1160
401,2583,2583
402,2583,1320
403,1560,1560
404,1300,1300
405,1300,1300
406,2462,2462
407,2462,2403
408,2403,2403
409,2583,2583
410,1560,2582
411,1280,1280
412,2583,1302
413,2582,2582
414,1160,1160
415,1280,50
416,2403,2403
417,2583,2583
418,1300,1300
419,1280,1180
420,1140,40
421,2583,1281
422,2060,1301
423,2403,2280
424,2280,2280
425,2060,2060
426,2705,10
427,2583,2583
428,2060,1281
429,1560,2582
430,1160,1160
431,1280,1280
432,1280,1300
433,2583,2582
434,1320,1320
435,2403,10
436,2403,40
437,2403,2403
438,2583,2583
439,2403,2403
440,2583,2585
441,2060,1560
442,1920,1920
443,1560,2582
444,2522,2522
445,1280,1280
446,1920,2522
447,2403,2403
448,1160,1140
449,1140,1140
450,2462,1140
451,2583,2583
452,2280,2280
453,1280,1302
454,1280,40
455,2583,1920
456,2060,2220
457,40,40
458,1560,1940
459,2705,2705
460,2403,2403
461,2462,2462
462,2522,1280
463,2522,2522
464,2583,2585
465,2060,1280
466,2583,2585
467,1920,1920
468,2583,2585
469,2462,2462
470,1920,1920
471,2583,2583
472,2280,10
473,2582,2582
474,1560,1560
475,1280,1281
476,2403,2403
477,1140,1140
478,1560,2582
479,1920,1920
480,2403,2403
481,2583,2582
482,1320,1320
483,1160,1160
484,1280,1302
485,1560,2582
486,2403,2403
487,2583,10
488,2583,1281
489,1300,1300
490,1280,40
491,2522,2403
492,2583,2583
493,2583,2280
494,1280,1140
495,1280,1280
496,1560,2522
497,1560,1560
498,2462,50
499,2583,2583
500,1281,1281
501,1300,1280
502,2583,2905
503,1140,1140
504,1280,1280
505,2522,2522
506,2583,2583
507,2583,10
508,2060,2060
509,1920,1920
510,2583,2582
511,1160,1160
512,2583,2583
513,2522,2522
514,2583,2583
515,2522,2522
516,1160,1140
517,1280,1280
518,2403,2403
519,2582,2582
520,1280,40
521,1160,1160
522,1280,1281
523,1160,1160
524,1280,1302
525,2583,2583
526,2583,2583
527,2522,2522
528,40,40
529,2522,2522
530,2583,2583
531,2403,10
532,2462,2462
533,2583,2220
534,1280,1281
535,2522,2522
536,2403,10
537,2060,2060
538,1560,1560
539,2280,1180
540,2403,2403
541,1300,1300
542,1300,1300
543,1160,1160
544,40,40
545,2522,2522
546,2583,1560
547,60,60
548,2522,2522
549,2583,2583
550,2522,1281
551,1280,1281
552,2280,10
553,1320,1320
554,2583,2583
555,2403,2403
556,2583,10
557,1560,1560
558,2583,2583
559,2522,2522
560,1300,1300
561,1560,1320
562,2280,2280
563,1300,40
564,2060,2585
565,2403,10
566,1300,1280
567,1140,1140
568,2522,1140
569,1300,40
570,2403,2522
571,2705,2705
572,60,60
573,1560,2060
574,2583,2705
575,1280,1280
576,2583,2585
577,1160,1160
578,1160,1160
579,2403,2403
580,2583,2585
581,1300,1300
582,1280,1302
583,2280,2403
584,10,10
585,2403,2280
586,2583,2585
587,1920,1920
588,1560,2582
589,1280,1280
590,2522,2522
591,2705,2705
592,2280,10
593,1300,2585
594,2060,2060
595,2583,2582
596,2585,2585
597,2583,2583
598,2583,2060
599,2280,2280
600,2583,2583
601,1280,1300
602,1160,1160
603,1300,1300
604,2583,2583
605,2583,1160
606,2060,2060
607,2583,1320
608,2705,2705
609,2583,2583
610,2403,2403
611,2583,2583
612,2060,2582
613,2583,2583
614,2060,50
615,2060,2060
616,2280,2280
617,2583,2583
618,1560,1320
619,1280,10
620,2583,2583
621,2403,2403
622,1920,1920
623,1920,1920
624,2583,2583
625,10,10
626,1160,1160
627,1280,1280
628,2585,2585
629,1160,1160
630,2583,2582
631,2583,2583
632,1560,2522
633,1300,1300
634,2583,2583
635,1300,1300
636,2403,10
637,2705,2705
638,2280,2280
639,1300,1300
640,2583,2583
641,2403,2705
642,1140,1180
643,1280,2522
644,1280,1281
645,2403,2280
646,2060,2585
647,1920,1920
648,2060,2060
649,2462,2462
650,1320,1320
651,2583,2583
652,1300,1300
653,2280,2705
654,2583,2705
655,1300,50
656,1140,1140
657,2522,2522
658,1280,10
659,1560,1560
660,1160,1160
661,1280,1280
662,1300,1300
663,1280,2403
664,1160,1160
665,2583,2905
666,2585,2585
667,2583,2583
668,40,40
669,40,40
670,2060,2060
671,2403,2705
672,1300,1300
673,2583,2583
674,1160,1160
675,2583,2905
676,2583,2583
677,2705,2705
678,1300,1300
679,2403,2403
680,40,40
681,2583,1140
682,2403,2280
683,1280,1302
684,2060,2060
685,1300,1300
686,2060,2060
687,2583,2585
688,2280,2280
689,1140,1180
690,1920,1920
691,2583,2583
692,2583,2583
693,2060,2060
694,2280,2280
695,2583,2582
696,1300,1280
697,1920,1920
698,2403,2060
699,2280,2403
700,2060,2060
701,2583,1320
702,2583,2705
703,1280,1281
704,2403,2403
705,1300,1300
706,1280,2220
707,2522,2522
708,1920,1920
709,2583,2583
710,2060,1180
711,1140,1140
712,2583,1301
713,2583,2583
714,2583,2583
715,2280,2462
716,2583,2583
717,1560,2582
718,2522,2522
719,1280,1280
720,1280,1320
721,1320,1320
722,1920,1920
723,2583,2583
724,1920,1920
725,2280,2280
726,1920,1920
727,2462,2462
728,1280,1280
729,2522,2522
730,1920,1920
731,2522,2522
732,1300,1300
733,2583,2583
734,1940,1940
735,2705,2705
736,60,60
737,1140,1281
738,2583,2585
739,2060,2060
740,60,60
741,2280,2280
742,2522,2522
743,50,2462
744,1560,2582
745,1560,2060
746,2280,2280
747,1560,1940
748,2583,2583
749,2280,2280
750,1560,1560
751,2280,10
752,2583,2583
753,2583,2583
754,60,60
755,2583,2582
756,1300,1300
757,1920,1920
758,2583,2060
759,2403,2403
760,1160,1160
761,2280,2280
762,2280,10
763,2583,2583
764,2583,2583
765,2583,1180
766,1300,1560
767,1560,1920
768,2582,2582
769,2522,2522
770,2705,2705
771,1160,1160
772,1280,1281
773,2583,2583
774,1280,10
775,1320,1280
776,2462,2462
777,2522,2522
778,1280,1302
779,2583,10
780,1560,1560
781,1300,1300
782,1300,1300
783,2583,2583
784,2583,2583
785,1300,50
786,2280,2280
787,2403,10
788,2522,2522
789,2583,1301
790,2060,2060
791,2705,10
792,10,10
793,1560,1560
794,40,2705
795,2280,10
796,1560,2582
797,2403,2403
798,2583,1302
799,2705,2705
800,1300,1300
801,2522,2522
802,2583,2582
803,1140,1281
804,2583,10
805,1302,1302
806,1140,1140
807,1560,1560
808,2060,2060
809,2280,2280
810,2403,2403
811,1320,1320
812,2403,2403
813,1140,1140
814,1302,1302
815,1160,1160
816,2403,2403
817,1920,1920
818,2280,2280
819,2583,2583
820,1560,10
821,1560,2060
822,1560,1560
823,2583,2585
824,2583,1940
825,2060,2585
826,1280,1281
827,2060,2060
828,1560,1320
829,2583,2583
830,1280,40
831,1160,1160
832,2583,2583
833,1280,1280
834,1280,1302
835,2583,2583
836,1160,1160
837,2060,1280
838,2280,2280
839,2403,2403
840,2280,2280
841,2522,2522
842,2522,2522
843,1280,2060
844,1140,1140
845,1560,2060
846,2522,1300
847,2583,2583
848,1920,1320
849,2905,2905
850,1560,2582
851,1320,1320
852,1920,1320
853,2583,2583
854,2060,2060
855,2583,2522
856,2583,2582
857,1302,1302
858,1560,1302
859,2060,1940
860,2280,2280
861,2060,2220
862,1300,1300
863,1560,1280
864,2060,2522
865,1280,1280
866,1140,1140
867,1560,1560
868,2583,1302
869,2060,2060
870,2060,2060
871,2583,2583
872,40,40
873,1300,1300
874,2060,1920
875,2280,10
876,2522,1302
877,2583,40
878,2583,2583
879,1160,1160
880,1160,1160
881,2583,2522
882,2522,2522
883,2583,2583
884,1140,1140
885,1160,1160
886,2705,2705
887,1560,2582
888,1320,10
889,2403,1140
890,2280,10
891,1302,1302
892,1560,1560
893,2060,1920
894,2583,2583
895,1320,1320
896,50,50
897,2583,1320
898,1320,1320
899,1160,1160
900,2582,2582
901,1300,1300
902,2583,1302
903,2060,1920
904,2583,2583
905,2583,10
906,1280,2705
907,1140,1140
908,1920,1920
909,2403,2403
910,1140,1140
911,2280,2403
912,2280,2705
913,1280,1280
914,2060,2060
915,2280,2280
916,1560,1320
917,1300,1300
918,1280,40
919,1302,1302
920,2583,2583
921,2583,2462
922,2522,2522
923,1300,50
924,2583,2583
925,1560,1920
926,1160,1160
927,1920,1920
928,1920,1920
929,2583,2583
930,2060,50
931,2522,2522
932,1160,1160
933,1160,1160
934,2280,2280
935,2583,2582
936,2522,2403
937,2280,2280
938,2583,2220
939,1920,1920
940,1560,1560
941,1300,1300
942,2583,1140
943,40,40
944,2583,2583
945,2060,2060
946,2280,2280
947,2403,2403
948,2522,2522
949,2522,2522
950,1560,2060
951,2582,2582
952,2583,2585
953,2583,2583
954,2522,2522
955,2583,2583
956,2280,1280
957,2583,2583
958,2060,40
959,2522,2522
960,2582,2582
961,2280,2280
962,2705,2705
963,2403,10
964,2583,1320
965,2522,2522
966,1140,1140
967,2583,40
968,2522,2522
969,2060,2220
970,1300,1180
971,2522,2522
972,1300,1300
973,2583,2583
974,1920,1920
975,1560,1560
976,1300,1300
977,1300,2705
978,2583,2583
979,2522,2522
980,1300,1300
981,1160,1180
982,2522,2522
983,2060,1302
984,2060,1560
985,2280,2280
986,2583,1320
987,2060,2060
988,1302,1302
989,1320,1320
990,2582,10
991,2522,2522
992,2583,2583
993,1300,1300
994,2280,2280
995,2522,2522
996,2280,2403
997,2583,2585
998,1280,1180
999,1160,1140
1000,2060,2060
1001,2522,2522
1002,1920,1920
1003,2583,1560
1004,10,10
1005,1560,10
1006,2705,2705
1007,1560,2582
1008,1280,2462
1009,2060,2582
1010,2583,2583
1011,2583,1280
1012,1160,1160
1013,2583,2583
1014,2583,2583
1015,2280,2280
1016,2522,1320
1017,2522,2522
1018,1140,1140
1019,2280,2280
1020,1280,60
1021,2705,10
1022,2522,2522
1023,60,60
1024,2060,1920
1025,1560,1560
1026,2583,2583
1027,1301,1301
1028,2583,2220
1029,1280,1280
1030,2583,2582
1031,2280,2280
1032,1320,1320
1033,2060,40
1034,10,10
1035,2905,2905
1036,1940,1940
1037,2280,2280
1038,1280,1280
1039,2583,2583
1040,1920,1920
1041,1140,1140
1042,1160,1160
1043,1560,1560
1044,40,40
1045,2403,2403
1046,2705,1281
1047,1160,1160
1048,1140,1140
1049,1920,1920
1050,1300,1280
1051,2522,2522
1052,2705,2905
1053,2060,1280
1054,1300,1280
1055,1300,1300
1056,1280,2220
1057,1560,1302
1058,1560,1940
1059,2060,1560
1060,2583,2583
1061,40,40
1062,1560,1560
1063,1280,40
1064,2583,2583
1065,2583,2585
1066,1160,1160
1067,1300,1300
1068,2060,2582
1069,1940,1940
1070,2060,2585
1071,2583,2585
1072,2403,2403
1073,2583,2583
1074,2583,1302
1075,40,40
1076,2583,2583
1077,2280,2705
1078,60,60
1079,2403,1281
1080,2060,2585
1081,2583,1940
1082,1280,1281
1083,1280,1281
1084,1560,1560
1085,2060,40
1086,2522,2522
1087,2462,50
1088,2403,2403
1089,1302,1302
1090,1560,1560
1091,1920,1920
1092,1560,1560
1093,1320,1320
1094,2583,2583
1095,1300,1300
1096,2585,2585
1097,2583,1320
1098,1280,1280
1099,2403,1300
1100,1160,1160
1101,2583,2583
1102,2583,2583
1103,1320,1320
1104,1140,1140
1105,1280,1140
1106,1560,2060
1107,1920,1920
1108,2705,2280
1109,2583,2582
1110,2583,2583
1111,2583,40
1112,2705,2705
1113,2280,2280
1114,2280,2280
1115,2403,10
1116,1560,2582
1117,1280,1280
1118,1560,1940
1119,1300,1300
1120,1140,1140
1121,2280,10
1122,2522,2522
1123,2403,10
1124,2280,2280
1125,1560,1560
1126,2583,1320
1127,1300,50
1128,2403,2403
1129,1160,1160
1130,2522,2522
1131,1280,1281
1132,2583,2583
1133,1280,1281
1134,2583,2583
1135,1560,2582
1136,2280,2280
1137,2060,2060
1138,1280,1280
1139,1302,1302
1140,1560,1560
1141,50,50
1142,2403,2403
1143,2280,2280
1144,1940,1940
1145,1301,1301
1146,1920,1920
1147,1300,1280
1148,2583,2583
1149,2583,2582
1150,2583,2585
1151,2583,2582
1152,2403,2705
1153,2522,1140
1154,1300,1300
1155,1300,1300
1156,2583,2583
1157,1280,2403
1158,2583,2583
1159,2403,2403
1160,2583,2583
1161,1560,1560
1162,1920,2060
1163,2403,2403
1164,2060,2060
1165,1300,1280
1166,2583,2583
1167,1300,1300
1168,2522,2522
1169,1160,1160
1170,2583,2583
1171,2583,2582
1172,2060,2060
1173,2583,2583
1174,2583,1302
1175,2522,2522
1176,2583,2583
1177,1302,1320
1178,2583,1302
1179,1280,1280
1180,2583,10
1181,2403,2403
1182,1300,1300
1183,2583,2583
1184,1560,1560
1185,2583,2583
1186,1300,1300
1187,60,60
1188,2060,2060
1189,2403,2403
1190,1160,1160
1191,1160,1160
1192,2403,10
1193,2280,2280
1194,2522,2522
1195,2522,2522
1196,2060,2060
1197,2583,2583
1198,2462,2462
1199,2583,1281
1200,2280,2280
1201,2060,2522
1202,1320,1320
1203,1320,1320
1204,2522,2522
1205,1300,1300
1206,2583,1302
1207,2403,2705
1208,1560,1560
1209,1560,1920
1210,2060,2060
1211,1300,1300
1212,1160,1160
1213,2522,2522
1214,2583,2585
1215,2220,2220
1216,2280,2280
1217,2280,2280
1218,1920,1920
1219,2583,2583
1220,1281,1281
1221,2280,2280
1222,1280,1302
1223,1560,1940
1224,1140,1140
1225,2403,2403
1226,2060,2522
1227,2705,2705
1228,2060,1560
1229,2403,2403
1230,2403,2403
1231,1280,1280
1232,2705,2705
1233,2060,2585
1234,2583,2582
1235,2280,2280
1236,1920,1920
1237,1160,1160
1238,10,10
1239,1560,1320
1240,1560,1140
1241,2582,2582
1242,2583,2585
1243,1920,2220
1244,2280,2705
1245,2583,2583
1246,1300,1281
1247,2403,2403
1248,1160,1160
1249,1280,1280
1250,1160,10
1251,2583,2583
1252,2403,2403
1253,50,50
1254,2280,2522
1255,2060,1560
1256,1160,1160
1257,1300,1300
1258,2403,2403
1259,2280,2280
1260,1140,1140
1261,2060,2060
1262,40,40
1263,1301,1301
1264,1280,1280
1265,2705,2705
1266,2583,2583
1267,1920,1920
1268,1160,1160
1269,2522,2522
1270,1320,1320
1271,2280,2280
1272,2522,2522
1273,1560,1560
1274,2583,2583
1275,1280,1280
1276,1280,1140
1277,40,40
1278,1280,1180
1279,2583,2583
1280,1940,1940
1281,2583,2583
1282,2585,2585
1283,2583,2585
1284,2583,50
1285,2403,1180
1286,2060,2060
1287,2060,2582
1288,2583,2583
1289,2583,2585
1290,1920,1560
1291,1160,1160
1292,1280,1281
1293,1300,40
1294,60,60
1295,2280,2280
1296,1280,1300
1297,50,50
1298,1300,1300
1299,1560,1560
1300,1280,40
1301,1560,1560
1302,1920,1920
1303,2280,2280
1304,1560,1560
1305,2522,2522
1306,1300,1280
1307,2583,2583
1308,2522,2522
1309,2583,2583
1310,2060,2060
1311,1300,1300
1312,2280,2462
1313,1320,2220
1314,2060,1560
1315,2403,10
1316,2280,2280
1317,1320,1320
1318,1281,1281
1319,2280,2280
1320,2583,1940
1321,2583,2583
1322,1140,1280
1323,2280,2280
1324,2403,2403
1325,2280,2280
1326,2060,2060
1327,2583,10
1328,1920,1920
1329,2522,2522
1330,1160,1160
1331,2583,2583
1332,1280,1280
1333,1560,1940
1334,2060,1140
1335,2060,2060
1336,2583,2583
1337,2705,2705
1338,2060,2060
1339,10,40
1340,2522,2522
1341,2583,2583
1342,1280,1320
1343,1140,50
1344,2583,2583
1345,1920,1920
1346,2905,2905
1347,1300,1280
1348,2705,2705
1349,1560,2585
1350,2280,2280
1351,1160,1160
1352,1160,1160
1353,2583,2583
1354,2403,2403
1355,2583,1920
1356,1300,1300
1357,2583,2522
1358,2583,2583
1359,2060,2060
1360,1160,1160
1361,2583,2583
1362,2060,2582
1363,1160,1160
1364,2583,2583
1365,2280,2280
1366,2280,2705
1367,2060,2060
1368,1560,2582
1369,1160,1160
1370,1140,1140
1371,40,40
1372,1160,1160
1373,1280,2280
1374,2522,2522
1375,2583,2060
1376,1560,1560
1377,2060,2060
1378,1160,1160
1379,50,50
1380,2583,2583
1381,2403,2403
1382,1560,1560
1383,2583,2583
1384,1320,1320
1385,1920,1320
1386,1280,1140
1387,60,60
1388,2583,2583
1389,2583,2583
1390,1300,1300
1391,1300,1300
1392,1560,1560
1393,2060,1320
1394,2280,2280
1395,1300,1300
1396,2905,2905
1397,2403,1300
1398,2403,1140
1399,1320,1920
1400,1560,1560
1401,1560,2582
1402,2583,2583
1403,50,50
1404,2403,2280
1405,1320,1320
1406,1560,2705
1407,2280,2280
1408,1560,1560
1409,2060,1280
1410,2705,10
1411,2583,2583
1412,1160,1160
1413,1160,1160
1414,50,50
1415,1560,2585
1416,2583,2583
1417,2060,1320
1418,2583,2585
1419,2522,2522
1420,1280,1281
1421,2403,2403
1422,2280,2280
1423,2280,2280
1424,2403,10
1425,1560,2585
1426,2583,2522
1427,2280,2280
1428,1160,2280
1429,2522,2522
1430,2583,2583
1431,40,10
1432,1280,1301
1433,1280,1281
1434,2583,2585
1435,1920,1920
1436,2060,2905
1437,2583,2582
1438,2583,2583
1439,1920,1920
1440,1560,2585
1441,2403,2403
1442,1920,1920
1443,2522,2522
1444,1560,1560
1445,1560,1920
1446,2280,10
1447,2583,2583
1448,2403,2403
1449,40,40
1450,2583,2583
1451,1560,2060
1452,1560,1560
1453,1300,40
1454,1160,1160
1455,2705,2705
1456,2583,2583
1457,1940,1940
1458,2583,2585
1459,2583,2583
1460,2583,2583
1461,1160,40
1462,2403,2403
1463,1280,1302
1464,1560,1560
1465,1300,1300
1466,1280,1302
1467,1160,1160
1468,2403,2403
1469,1280,10
1470,1300,1300
1471,1560,2582
1472,60,60
1473,1920,1920
1474,1560,1560
1475,2522,2522
1476,2583,1560
1477,1140,1140
1478,2583,1180
1479,2583,2583
1480,2583,2582
1481,2583,2583
1482,1920,1920
1483,2280,2403
1484,1280,1280
1485,1280,2220
1486,2583,2583
1487,1300,1300
1488,1560,2582
1489,2403,10
1490,2905,2905
1491,2403,2403
1492,2705,2705
1493,40,40
1494,2705,2705
1495,2583,2583
1496,2583,1320
1497,2583,2583
1498,1920,1920
1499,1560,1940
1500,2403,2403
1501,1920,1920
1502,2060,1560
1503,2403,2403
1504,2583,2583
1505,2583,2583
1506,1280,1281
1507,2522,2522
1508,1920,1920
1509,1300,2522
1510,2403,2280
1511,2583,1301
1512,2583,2583
1513,2060,2583
1514,1920,1920
1515,1160,1160
1516,1160,1160
1517,1280,1302
1518,2582,2582
1519,1160,1160
1520,2280,10
1521,2060,1560
1522,2060,2060
1523,1300,1300
1524,2403,2403
1525,2583,1281
1526,2280,2403
1527,2583,1320
1528,1280,1280
1529,1280,1280
1530,2583,2583
1531,2280,2280
1532,2583,2583
1533,2583,50
1534,2583,2583
1535,2583,2583
1536,2403,2280
1537,2705,2705
1538,1320,1320
1539,1280,1280
1540,2705,2705
1541,1280,1280
1542,1300,2280
1543,1300,1300
1544,2583,2583
1545,1940,1940
1546,2403,2403
1547,2060,2060
1548,2583,2583
1549,1160,1160
1550,2583,2583
1551,1300,1300
1552,60,60
1553,2280,10
1554,2583,2583
1555,1920,1920
1556,1560,1560
1557,1560,1560
1558,2280,2280
1559,1280,1280
1560,2705,2705
1561,1160,1160
1562,2060,1560
1563,2583,2583
1564,10,10
1565,1920,1920
1566,2522,2522
1567,2522,2522
1568,2705,2705
1569,2403,2403
1570,2583,2583
1571,2583,2583
1572,1280,1302
1573,1160,1160
1574,1300,1300
1575,1560,1560
1576,1300,1280
1577,2060,2522
1578,2403,10
1579,2522,2522
1580,2060,2060
1581,1920,1920
1582,1300,1300
1583,1280,1280
1584,2583,1320
1585,1320,1320
1586,60,60
1587,2060,2060
1588,2583,2583
1589,2403,2280
1590,2583,1320
1591,60,60
1592,2403,2403
1593,2403,2403
1594,2583,2585
1595,1300,1300
1596,2583,1302
1597,2583,2585
1598,1300,1300
1599,2583,2060
1600,2583,2583
1601,1920,1920
1602,1920,1920
1603,60,60
1604,1280,1280
1605,1280,10
1606,2583,2583
1607,2060,2060
1608,1302,1302
1609,2403,2403
1610,2403,10
1611,1320,1320
1612,2280,10
1613,1160,1160
1614,1140,1140
1615,1302,1302
1616,1560,1560
1617,2403,2705
1618,1560,1320
1619,1280,1560
1620,2705,2705
1621,2403,2403
1622,2582,2582
1623,2583,2583
1624,2403,2462
1625,2403,10
1626,1300,1300
1627,2060,2060
1628,60,60
1629,2583,2583
1630,2583,1560
1631,1160,1140
1632,2583,2583
1633,2060,2060
1634,60,60
1635,2280,2280
1636,2403,2403
1637,2060,2060
1638,2280,2280
1639,2705,2705
1640,1160,1160
1641,2060,2060
1642,2583,2583
1643,1560,1560
1644,1280,1281
1645,1940,1940
1646,1560,1560
1647,1280,40
1648,2705,2705
1649,2583,2905
1650,2522,2522
1651,2403,2403
1652,1320,1320
1653,1300,1300
1654,1301,1301
1655,2583,1302
1656,2583,2583
1657,2403,2522
1658,2583,2583
1659,2060,1320
1660,2583,1280
1661,1560,1560
1662,50,50
1663,2403,2280
1664,2583,2583
1665,50,50
1666,1920,1920
1667,2060,2060
1668,1560,1560
1669,1280,1301
1670,1281,2522
1671,2060,2060
1672,1140,1280
1673,1920,2280
1674,1300,1300
1675,2280,1140
1676,1560,1560
1677,1300,1300
1678,2705,2705
1679,2060,1280
1680,2583,2583
1681,1560,2060
1682,2522,2522
1683,2060,1180
1684,1560,2582
1685,2583,1320
1686,2060,2220
1687,2060,2582
1688,2522,2522
1689,50,50
1690,2583,2583
1691,2583,2583
1692,2583,2582
1693,1140,1140
1694,1280,1280
1695,1160,1160
1696,1280,1281
1697,2522,2522
1698,2522,2522
1699,1320,1320
1700,2403,2403
1701,2280,2280
1702,2585,2585
1703,2403,2462
1704,1280,1280
1705,2280,2280
1706,2522,2403
1707,1160,1160
1708,2582,2582
1709,2583,2583
1710,1160,1160
1711,2060,2060
1712,1160,1160
1713,2060,2060
1714,1160,1281
1715,2583,2583
1716,2060,1281
1717,1300,1300
1718,2583,2583
1719,2583,2583
1720,1160,1160
1721,1300,1280
1722,1560,1560
1723,1300,2585
1724,2522,2522
1725,1160,1140
1726,2403,2403
1727,2705,10
1728,2583,2403
1729,2522,2522
1730,2280,2280
1731,1920,2582
1732,2403,2280
1733,1560,1560
1734,1560,1320
1735,2280,2280
1736,1300,1300
1737,1560,10
1738,1560,1280
1739,2403,2280
1740,1920,1920
1741,2060,2060
1742,1280,1302
1743,1920,1920
1744,2522,2522
1745,2462,2462
1746,1320,1320
1747,1280,1302
1748,2583,2583
1749,1300,1300
1750,2280,2280
1751,1140,2462
1752,1560,1560
1753,1300,1300
1754,1280,1280
1755,2280,2280
1756,2905,2905
1757,1160,1160
1758,2705,2705
1759,2585,2585
1760,1560,1180
1761,2060,2060
1762,2220,2220
1763,2280,2280
1764,2280,10
1765,2280,2280
1766,1300,1300
1767,2583,2583
1768,2060,1940
1769,2403,40
1770,1160,1160
1771,2583,2583
1772,2583,1180
1773,2060,2060
1774,1920,1920
1775,2060,1920
1776,2583,1302
1777,2060,2582
1778,2522,2522
1779,2583,1940
1780,2583,2583
1781,1140,1140
1782,2280,2280
1783,2583,2220
1784,2583,2585
1785,10,2403
1786,1300,1300
1787,1160,1160
1788,2403,2280
1789,1920,1920
1790,1920,1920
1791,2583,2583
1792,2060,2582
1793,1140,1140
1794,1300,1300
1795,2522,2522
1796,1280,1281
1797,2522,2522
1798,1160,1160
1799,2522,1280
1800,2583,2583
1801,2705,2705
1802,2583,2583
1803,2583,2582
1804,1280,40
1805,2583,2583
1806,1320,1320
1807,1302,1280
1808,1280,1140
1809,2403,2705
1810,2705,2705
1811,1280,1280
1812,2060,2060
1813,2280,2280
1814,1280,1280
1815,2583,1281
1816,2280,10
1817,2403,2403
1818,2060,2060
1819,1320,1320
1820,2522,2522
1821,40,40
1822,2522,2522
1823,1320,1320
1824,1140,1140
1825,2522,2522
1826,2583,10
1827,2280,2403
1828,1300,1300
1829,1280,10
1830,2583,2583
1831,2403,1320
1832,2280,1160
1833,2403,2403
1834,1160,1140
1835,2583,2583
1836,2060,2060
1837,1560,2582
1838,2583,10
1839,2522,2522
1840,2583,1302
1841,2522,2522
1842,1320,1320
1843,2060,2060
1844,1140,1140
1845,2403,2403
1846,1320,1320
1847,1560,2220
1848,1920,1920
1849,1560,1560
1850,1300,1300
1851,60,60
1852,1280,1280
1853,1920,1920
1854,2403,2403
1855,1280,1280
1856,2280,2280
1857,1920,1920
1858,1560,1560
1859,2583,2583
1860,1280,1302
1861,2583,2583
1862,1560,50
1863,1280,50
1864,2905,2905
1865,2583,2582
1866,1920,1920
1867,1300,1300
1868,2583,1940
1869,1280,1280
1870,2905,2905
1871,2403,2705
1872,1300,1300
1873,1300,1300
1874,2280,2403
1875,1281,1281
1876,50,50
1877,1160,1160
1878,1140,2522
1879,2583,1180
1880,2583,2583
1881,2583,10
1882,1160,1160
1883,2905,2905
1884,2583,2585
1885,1301,1301
1886,1920,1920
1887,2583,2582
1888,1280,1302
1889,1300,50
1890,1560,1560
1891,2522,2522
1892,2583,2583
1893,2522,2522
1894,2060,2060
1895,1280,1302
1896,2403,1281
1897,2583,2583
1898,1320,2220
1899,2060,2060
1900,2583,2583
1901,2280,2280
1902,2583,2582
1903,1160,2462
1904,1560,1560
1905,2280,2280
1906,1280,1280
1907,1300,1280
1908,2060,1560
1909,2522,2522
1910,2583,1160
1911,1320,1320
1912,1280,1320
1913,1140,1140
1914,2522,2522
1915,2583,2583
1916,1300,1300
1917,2403,1180
1918,2060,2060
1919,2583,2583
1920,1160,1160
1921,2280,2280
1922,2280,10
1923,2583,2583
1924,2583,2583
1925,1560,1920
1926,2280,10
1927,2522,2522
1928,1300,50
1929,2280,2280
1930,1320,1320
1931,2060,2060
1932,1160,1160
1933,50,2462
1934,2060,1320
1935,2280,2280
1936,1160,1160
1937,1140,1140
1938,2280,2403
1939,2583,1302
1940,1160,1160
1941,2705,2705
1942,2060,10
1943,2583,2583
1944,2060,2060
1945,1280,1140
1946,2583,2583
1947,2583,2583
1948,1280,1280
1949,2705,2705
1950,2060,1560
1951,1560,40
1952,2583,2583
1953,1300,2905
1954,1281,1281
1955,2060,2060
1956,2583,1281
1957,2060,1180
1958,1560,1560
1959,2403,2403
1960,2583,2583
1961,1280,1180
1962,2583,2583
1963,1280,1280
1964,1320,1320
1965,1300,1300
1966,1302,1302
1967,1160,1160
1968,2060,2060
1969,2583,50
1970,1560,2582
1971,1560,1560
1972,1280,1280
1973,2522,2522
1974,2522,2522
1975,1300,50
1976,2522,2522
1977,1320,1320
1978,2522,2522
1979,2060,1560
1980,2583,2583
1981,2583,2583
1982,1300,1300
1983,2060,2060
1984,1300,1300
1985,1920,1920
1986,2583,1302
1987,2403,2403
1988,1560,2582
1989,2583,2583
1990,2583,2583
1991,2462,2462
1992,2583,2583
1993,1320,1320
1994,1300,1300
1995,1300,1300
1996,1280,1280
1997,1160,1160
1998,1920,1920
1999,1280,40
2000,1300,1300
2001,1280,1140
2002,40,40
2003,2522,2522
2004,2583,2522
2005,1160,1160
2006,1280,1281
2007,2060,2060
2008,1920,1920
2009,1280,1280
2010,1280,1281
2011,1300,1300
2012,40,40
2013,2522,2522
2014,2583,2582
2015,2583,1140
2016,1300,50
2017,2403,2403
2018,1560,1560
2019,2583,2583
2020,1300,1300
2021,2403,1180
2022,2403,2403
2023,1302,1302
2024,1140,1140
2025,1560,2060
2026,1160,1160
2027,1560,2060
2028,1280,1280
2029,2403,2403
2030,2583,2583
2031,1280,1281
2032,2403,2280
2033,1301,1301
2034,2583,50
2035,2522,2522
2036,1280,2705
2037,2583,2583
2038,2060,2060
2039,2403,2403
2040,1160,1160
2041,1301,1301
2042,1140,1140
2043,1140,1140
2044,1320,1320
2045,2280,2280
2046,1560,2585
2047,2060,2060
2048,2522,2522
2049,2583,1320
2050,2522,2522
2051,2705,2705
2052,1160,1160
2053,2583,2585
2054,1140,1140
2055,1560,1320
2056,2060,2060
2057,2280,2280
2058,2583,2583
2059,1920,1920
2060,2522,2522
2061,1920,1920
2062,1920,1920
2063,1160,1160
2064,2060,1560
2065,2060,2060
2066,2280,2280
2067,2280,2280
2068,2583,2583
2069,2905,2905
2070,1160,1160
2071,2522,2522
2072,1300,1300
2073,2462,40
2074,1300,1300
2075,2583,40
2076,2060,2060
2077,1280,1280
2078,2403,2280
2079,1560,1560
2080,2060,2220
2081,2280,2280
2082,2403,2403
2083,2705,2705
2084,1560,1560
2085,2280,2060
2086,2462,2462
2087,2403,2280
2088,1560,1560
2089,2583,2583
2090,1160,1160
2091,1300,1300
2092,2462,2462
2093,2403,2403
2094,2060,2585
2095,2583,1320
2096,1280,1320
2097,2462,2462
2098,10,10
2099,2060,2060
2100,2583,2585
2101,2583,2583
2102,2705,2705
2103,40,50
2104,1300,1300
2105,2583,2522
2106,1300,1300
2107,1160,2462
2108,2060,2522
2109,2583,2583
2110,2280,2280
2111,2583,2583
2112,2060,2060
2113,1560,2582
2114,2280,2280
2115,1560,1560
2116,2583,2522
2117,2403,2403
2118,2583,2583
2119,1300,1300
2120,2403,2403
2121,2060,2060
2122,1280,1280
2123,10,10
2124,1920,1920
2125,1300,1300
2126,2583,2583
2127,2280,10
2128,1300,1302
2129,2583,2583
2130,1560,1560
2131,2060,2060
2132,2583,2583
2133,1140,1140
2134,1560,1560
2135,1160,1160
2136,2403,2280
2137,1300,1300
2138,1560,2220
2139,2583,2583
2140,2403,2403
2141,1140,40
2142,1560,2060
2143,1180,1180
2144,10,10
2145,1300,2585
2146,2060,2462
2147,1280,1320
2148,2403,2403
2149,2583,10
2150,1302,1302
2151,2583,2583
2152,1280,1140
2153,1160,1160
2154,1920,1920
2155,1920,1920
2156,2583,2522
2157,1280,40
2158,2582,2582
2159,1560,1560
2160,2705,2705
2161,1560,1560
2162,2583,2583
2163,2583,2583
2164,1280,1320
2165,2060,2060
2166,1300,1300
2167,2583,2583
2168,2522,2522
2169,1920,10
2170,2583,1302
2171,2583,2583
2172,2522,2522
2173,1920,2060
2174,1280,1280
2175,2280,2280
2176,1280,40
2177,2583,2585
2178,1280,1281
2179,2060,2585
2180,1140,1140
2181,1300,1280
2182,2060,2060
2183,2583,2522
2184,1280,1280
2185,1560,2582
2186,40,2462
2187,2060,1280
2188,1140,1140
2189,2583,2583
2190,40,40
2191,2583,2583
2192,2583,2522
2193,2060,2060
2194,2522,2522
2195,1560,1560
2196,2583,2582
2197,2280,2280
2198,1280,1281
2199,2583,2583
2200,2583,2220
2201,10,1160
2202,2583,2583
2203,1920,1920
2204,2705,2705
2205,2403,2582
2206,2583,2583
2207,1560,1301
2208,1560,2585
2209,2583,2583
2210,2583,2583
2211,1280,1281
2212,2403,2280
2213,1280,1180
2214,10,10
2215,1920,1920
2216,2060,1280
2217,2403,2403
2218,1160,1160
2219,2583,1281
2220,2280,1180
2221,2522,2522
2222,1160,1160
2223,2280,2280
2224,2462,2462
2225,1280,1281
2226,2905,2905
2227,1300,1300
2228,2403,2280
2229,1300,1300
2230,50,50
2231,2522,1281
2232,1160,1160
2233,2583,2583
2234,1320,1320
2235,1301,1301
2236,2522,2522
2237,2705,2705
2238,2060,2060
2239,2060,2585
2240,1560,1302
2241,2583,2220
2242,2060,1281
2243,2583,2583
2244,1140,1140
2245,1320,1320
2246,1920,1920
2247,1160,1160
2248,2583,2585
2249,1280,1320
2250,1300,1300
2251,2403,2280
2252,2280,2280
2253,2403,2403
2254,1280,40
2255,1560,1560
2256,1280,10
2257,1280,1280
2258,2583,40
2259,2522,2522
2260,2905,2905
2261,1320,1320
2262,2522,2522
2263,2583,2583
2264,1560,1560
2265,2280,1160
2266,2583,1301
2267,2060,2060
2268,2583,2583
2269,2522,2522
2270,2583,2583
2271,1160,1160
2272,40,40
2273,2583,50
2274,1140,1140
2275,1160,1180
2276,1300,1280
2277,1280,1280
2278,2583,2060
2279,1300,1300
2280,2403,2280
2281,2403,1140
2282,1301,1301
2283,1560,1560
2284,2583,2583
2285,2583,2583
2286,2060,1560
2287,1920,1920
2288,1320,1320
2289,1300,2280
2290,2403,2403
2291,2522,2522
2292,2060,1560
2293,1280,1280
2294,1280,1280
2295,1560,2582
2296,1300,1300
2297,2583,2583
2298,2280,2403
2299,2583,2583
2300,2403,10
2301,2583,2583
2302,1560,1920
2303,2403,1281
2304,2583,2582
2305,2583,2583
2306,2583,1302
2307,2583,2583
2308,2403,2403
2309,1560,1940
2310,2582,2060
2311,10,10
2312,2583,2583
2313,1140,1320
2314,2403,2403
2315,2060,2060
2316,2583,2583
2317,2522,2522
2318,1300,1300
2319,1560,1560
2320,2403,2403
2321,1300,1300
2322,2280,2280
2323,2060,2060
2324,1280,10
2325,2060,1560
2326,1280,2705
2327,2583,2220
2328,1300,1300
2329,1300,1300
2330,2583,2583
2331,1560,1560
2332,1140,1280
2333,2705,2705
2334,1280,40
2335,1160,2522
2336,1920,1920
2337,60,60
2338,2403,2403
2339,2060,2060
2340,1160,1160
2341,1160,1160
2342,1280,1281
2343,1560,1560
2344,1300,50
2345,1300,1300
2346,2583,2583
2347,2583,2522
2348,2583,2583
2349,2403,2280
2350,1160,1160
2351,50,50
2352,2583,2583
2353,2060,2060
2354,1160,1160
2355,1920,1920
2356,1560,1560
2357,2583,2585
2358,1300,1300
2359,1280,1280
2360,2583,2582
2361,1302,1302
2362,2583,2583
2363,1160,1160
2364,1280,1160
2365,2583,2583
2366,1300,1300
2367,2522,2522
2368,1302,1302
2369,1140,1140
2370,2280,2280
2371,1920,1920
2372,1300,1300
2373,1160,1160
2374,2280,2280
2375,1160,1160
2376,2060,2585
2377,1280,1320
2378,1300,1300
2379,1300,10
2380,1160,1160
2381,1140,1280
2382,1160,1160
2383,1560,2060
2384,1300,1300
2385,1160,1160
2386,2060,1560
2387,2280,2280
2388,2280,2280
2389,1280,1280
2390,1160,1160
2391,1281,1281
2392,1280,1140
2393,1920,1920
2394,2522,2522
2395,1300,1300
2396,2220,2220
2397,1320,1320
2398,10,2705
2399,1280,1301
2400,1280,1280
2401,1140,1140
2402,2583,2583
2403,2280,2280
2404,2583,2583
2405,1560,1560
2406,1160,1160
2407,1300,1300
2408,2705,2705
2409,2583,2582
2410,1300,1300
2411,2060,2060
2412,1560,1560
2413,2583,1940
2414,2583,2582
2415,2583,2522
2416,2583,1302
2417,2583,2583
2418,1160,1160
2419,1920,1920
2420,2583,2583
2421,2583,1280
2422,2583,2462
2423,1300,50
2424,1300,1300
2425,1560,2220
2426,2060,1320
2427,2403,2403
2428,2583,2220
2429,40,40
2430,2403,2403
2431,1280,1280
2432,1280,1560
2433,2583,2582
2434,1300,1300
2435,2585,1560
2436,1560,1560
2437,1280,1280
2438,2403,2403
2439,1300,1300
2440,2462,2462
2441,1302,1302
2442,2280,40
2443,2705,2705
2444,2583,2582
2445,1301,1301
2446,2060,2060
2447,2705,2705
2448,2583,1560
2449,1140,1140
2450,1280,1280
2451,2583,1302
2452,2060,2220
2453,1920,1920
2454,2522,2522
2455,40,40
2456,2583,1300
2457,2280,2403
2458,1140,1140
2459,2060,2060
2460,1280,1320
2461,1320,1320
2462,2060,2060
2463,2060,1320
2464,1560,2585
2465,1140,1140
2466,2060,2060
2467,1160,1160
2468,2403,2403
2469,2583,2583
2470,2583,2583
2471,2583,2583
2472,1300,1280
2473,1160,1160
2474,2583,10
2475,2060,2060
2476,10,10
2477,2583,2583
2478,2280,2403
2479,40,40
2480,1300,2582
2481,2522,2522
2482,2522,2522
2483,1940,1940
2484,50,50
2485,2403,2280
2486,2522,1280
2487,2522,2522
2488,1940,1940
2489,1140,1140
2490,2060,2582
2491,2583,2583
2492,1560,1560
2493,1300,1300
2494,2280,2280
2495,1320,2060
2496,2583,2583
2497,2522,2522
2498,1560,2582
2499,2583,2583
2500,1280,1280
2501,1300,1280
2502,2060,2060
2503,1320,1320
2504,2583,1280
2505,2522,2522
2506,1560,1920
2507,1280,40
2508,1280,1560
2509,1280,1320
2510,2583,1920
2511,1300,1280
2512,2403,2403
2513,2403,2403
2514,2583,1281
2515,1560,1560
2516,1281,1281
2517,2705,2280
2518,2462,2462
2519,1300,1280
2520,2522,2522
2521,1300,1280
2522,10,40
2523,1300,1300
2524,2583,2583
2525,2522,1300
2526,1560,1560
2527,1560,1301
2528,1320,1280
2529,1560,1560
2530,40,40
2531,1302,1302
2532,2060,2060
2533,2583,2583
2534,2403,2403
2535,1300,1300
2536,2705,2705
2537,10,10
2538,2522,2522
2539,1160,40
2540,2462,2462
2541,2583,2583
2542,2583,2583
2543,2280,2280
2544,1920,1920
2545,1560,1920
2546,1140,1140
2547,2060,2585
2548,2705,2705
2549,2583,2583
2550,1140,1140
2551,2522,2522
2552,1920,1560
2553,1300,1300
2554,2403,2403
2555,2060,2522
2556,1560,1560
2557,1300,1300
2558,1300,1300
2559,1920,1920
2560,1160,1160
2561,2583,1560
2562,2060,1180
2563,1560,1560
2564,2583,2582
2565,2705,2705
2566,1300,1280
2567,1560,1560
2568,2705,2705
2569,2522,2522
2570,1280,1280
2571,2585,2585
2572,2583,2522
2573,2060,1560
2574,2583,2583
2575,1560,1560
2576,2583,2583
2577,1280,1281
2578,2583,10
2579,2060,2060
2580,1160,40
2581,2280,2280
2582,2403,2403
2583,1280,1281
2584,2583,2583
2585,1280,1280
2586,2583,2583
2587,2462,2462
2588,2583,2583
2589,1300,2585
2590,1160,1160
2591,2280,10
2592,2705,10
2593,2522,2522
2594,2583,2583
2595,1300,1300
2596,1300,1300
2597,2060,2582
2598,2403,1940
2599,1280,1280
2600,1560,1560
2601,2583,2583
2602,2280,2280
2603,2583,2583
2604,1140,1140
2605,2060,1281
2606,2583,1920
2607,2522,2522
2608,2522,2522
2609,60,60
2610,2583,2583
2611,2583,2583
2612,1140,1140
2613,2583,2583
2614,1560,1560
2615,2583,1560
2616,1920,1920
2617,1560,1320
2618,2060,2060
2619,2583,2583
2620,1920,1920
2621,2583,1180
2622,1160,1160
2623,1300,1300
2624,1560,2582
2625,2583,1940
2626,1160,1160
2627,2583,1940
2628,2583,1160
2629,1280,1280
2630,1160,1160
2631,1280,1280
2632,2583,40
2633,2522,2522
2634,2583,2583
2635,2060,2522
2636,1920,1920
2637,1560,1560
2638,1140,2462
2639,2585,2585
2640,1560,2582
2641,2280,2280
2642,1140,1180
2643,2583,2583
2644,2583,1302
2645,2583,2583
2646,2522,2522
2647,2583,2583
2648,2522,2522
2649,2403,40
2650,2583,1301
2651,1160,1160
2652,2522,2522
2653,2403,40
2654,1160,1160
2655,1300,1300
2656,2583,2582
2657,2522,2462
2658,2583,2585
2659,2583,2583
2660,2403,2403
2661,2403,10
2662,2583,2585
2663,1280,2220
2664,1160,1160
2665,2060,2060
2666,1560,1560
2667,1560,1560
2668,1560,1560
2669,2403,1140
2670,2522,2522
2671,2583,2583
2672,1920,1920
2673,2403,2403
2674,2585,2585
2675,2583,2060
2676,2060,2060
2677,2462,2462
2678,2280,2403
2679,50,50
2680,2403,2403
2681,1280,1280
2682,2403,2403
2683,1280,1281
2684,2060,2060
2685,2705,2705
2686,2583,2583
2687,2403,2403
2688,2583,2583
2689,1300,1300
2690,2583,2583
2691,2583,1320
2692,1160,1160
2693,1280,2220
2694,2280,2403
2695,2280,2280
2696,1920,1920
2697,1300,1300
2698,2403,2403
2699,1920,1920
2700,1300,1280
2701,2060,2060
2702,2403,1320
2703,2280,1280
2704,50,50
2705,1560,2220
2706,2583,2583
2707,40,1140
2708,2060,2060
2709,1560,1560
2710,1320,1320
2711,60,60
2712,2583,2583
2713,2280,2280
2714,1160,1160
2715,1560,2582
2716,2583,50
2717,2060,2060
2718,2403,2403
2719,1160,1160
2720,40,40
2721,2583,2583
2722,2522,2522
2723,1300,1302
2724,1280,1280
2725,2583,2583
2726,1320,1280
2727,2060,2060
2728,1160,1160
2729,1280,1302
2730,2403,2403
2731,1280,1280
2732,2060,2060
2733,2403,10
2734,1281,1180
2735,60,60
2736,1280,1280
2737,2583,2583
2738,1920,1920
2739,1320,1320
2740,2060,2060
2741,1280,1301
2742,2705,2705
2743,1160,1140
2744,40,2462
2745,1160,1160
2746,2583,2583
2747,10,10
2748,10,1281
2749,2280,10
2750,2583,2583
2751,1300,1300
2752,2705,2705
2753,2585,2585
2754,1560,1560
2755,2905,2905
2756,2583,2705
2757,1300,1300
2758,2583,2583
2759,1280,1280
2760,1920,1920
2761,2060,2060
2762,1140,1140
2763,2583,1301
2764,2280,2280
2765,1320,1560
2766,1140,1280
2767,2583,2583
2768,2583,2582
2769,2583,2583
2770,1920,1920
2771,2583,2583
2772,2522,2280
2773,1560,1560
2774,2060,2220
2775,2583,2905
2776,2280,2280
2777,2403,2403
2778,2583,50
2779,2583,2583
2780,1300,1300
2781,2060,2060
2782,1280,1281
2783,1160,1160
2784,1560,1560
2785,1560,1940
2786,1320,1320
2787,2060,2522
2788,1301,1301
2789,2583,2585
2790,2462,2462
2791,1300,2585
2792,2582,2582
2793,2280,2280
2794,2583,2583
2795,50,50
2796,1280,1280
2797,2705,2705
2798,2403,2403
2799,1140,50
2800,2583,2582
2801,1280,1280
2802,2403,2403
2803,2060,2060
2804,1160,1160
2805,1280,1280
2806,1920,1920
2807,2403,2280
2808,2060,2522
2809,2583,2583
2810,1920,1920
2811,1560,1320
2812,2403,2403
2813,1160,1160
2814,1280,1320
2815,1300,1280
2816,1280,1302
2817,2583,2583
2818,2403,2403
2819,2403,2403
2820,2583,2583
2821,1140,1140
2822,2583,2583
2823,1160,1160
2824,1560,1560
2825,2280,2280
2826,2583,2583
2827,1320,1320
2828,2583,2583
2829,1280,1280
2830,2583,2905
2831,2403,2280
2832,2060,2585
2833,1160,1160
2834,2280,1160
2835,1160,1160
2836,1280,1280
2837,2583,2583
2838,2403,2403
2839,1160,1160
2840,2583,2583
2841,1300,40
2842,2522,2522
2843,2583,40
2844,1920,1920
2845,2060,2060
2846,1300,1280
2847,1140,1140
2848,2280,2280
2849,1920,1920
2850,1300,1300
2851,2462,2462
2852,1320,1320
2853,2583,2905
2854,2583,2583
2855,2583,1320
2856,2583,2583
2857,2522,2522
2858,2583,2583
2859,1920,1920
2860,1280,1280
2861,2583,2060
2862,2583,1301
2863,1280,1302
2864,2462,2462
2865,2585,2585
2866,2583,2060
2867,1920,1920
2868,2583,2220
2869,2280,1280
2870,2060,2060
2871,2403,2403
2872,2403,10
2873,2583,2583
2874,1920,1920
2875,1280,1302
2876,2280,2280
2877,2583,1320
2878,2705,2705
2879,1300,1280
2880,1280,1280
2881,1920,1920
2882,2280,2280
2883,2060,2060
2884,2583,2583
2885,1300,1300
2886,2583,2582
2887,2583,2583
2888,1920,1920
2889,40,50
2890,2583,2583
2891,1560,1560
2892,1280,1280
2893,2583,2582
2894,2583,2583
2895,2583,2060
2896,2280,2705
2897,1140,1140
2898,2583,2905
2899,2583,2583
2900,2060,2060
2901,1560,1560
2902,2583,2583
2903,1560,1560
2904,1301,2060
2905,2583,2060
2906,2403,2403
2907,2705,2705
2908,1920,10
2909,1920,1920
2910,2583,2583
2911,1920,1920
2912,1300,1300
2913,2583,2583
2914,1320,1940
2915,1560,2582
2916,2583,2583
2917,2583,2583
2918,1560,2705
2919,1140,2280
2920,1300,1300
2921,1160,1160
2922,1920,1920
2923,1300,1300
2924,2583,2583
2925,1140,1140
2926,2403,2522
2927,2403,2280
2928,1300,50
2929,1920,1920
2930,1300,1300
2931,2583,2583
2932,2583,2220
2933,1300,1300
2934,2905,2905
2935,2403,2280
2936,1280,1140
2937,1280,1280
2938,2583,2220
2939,1302,1302
2940,1920,1920
2941,1920,1920
2942,1560,1560
2943,1300,1280
2944,2583,2583
2945,1160,40
2946,2583,1280
2947,1280,1281
2948,1160,1160
2949,2583,2582
2950,2522,2522
2951,1560,1560
2952,2522,2522
2953,2403,2280
2954,2583,2583
2955,60,60
2956,2060,2060
2957,1320,1320
2958,1160,1160
2959,2583,2583
2960,2060,2060
2961,2583,2583
2962,1140,1140
2963,2583,2583
2964,2583,2583
2965,1280,1280
2966,2705,2705
2967,1560,1560
2968,2583,2585
2969,2403,10
2970,2060,2060
2971,1280,1280
2972,2060,2060
2973,1300,1300
2974,1320,1320
2975,1280,1281
2976,1920,1320
2977,1280,1300
2978,2583,2585
2979,2280,2280
2980,1920,1920
2981,2583,2583
2982,2522,2522
2983,2583,2585
2984,2403,2403
2985,10,10
2986,2280,2280
2987,2583,2583
2988,1160,10
2989,2060,2280
2990,1300,1280
2991,2583,2583
2992,2522,2522
2993,2583,2583
2994,2583,2583
2995,2060,2060
2996,2403,40
2997,2705,10
2998,1140,1140
2999,1920,1920
3000,2060,2060
3001,1302,1302
3002,1560,1560
3003,2583,1281
3004,1300,1300
3005,2583,2220
3006,1560,2582
3007,2583,2583
3008,2403,2403
3009,2403,2403
3010,1140,1180
3011,1160,1160
3012,1920,1920
3013,1920,1920
3014,1280,1281
3015,1300,1280
3016,1560,1560
3017,1280,1280
3018,1560,1560
3019,2403,2705
3020,2583,2585
3021,2522,2522
3022,1160,1160
3023,2583,10
3024,1320,1320
3025,1560,1302
3026,2522,2522
3027,1140,1140
3028,2060,2060
3029,2583,1940
3030,1320,1320
3031,1280,1280
3032,1300,1300
3033,2462,2462
3034,2060,2060
3035,2583,2582
3036,2060,2060
3037,1160,1180
3038,2060,1140
3039,1160,1160
3040,1300,1300
3041,1300,1300
3042,1160,1160
3043,1160,1160
3044,2583,2583
3045,2583,2582
3046,2522,2522
3047,2403,2705
3048,2583,1302
3049,2583,2583
3050,2060,2060
3051,50,50
3052,2280,2280
3053,1560,1560
3054,2583,2583
3055,2522,2522
3056,2583,2583
3057,1920,1320
3058,1920,1920
3059,2060,2060
3060,2060,2060
3061,1280,10
3062,1560,1320
3063,1280,1280
3064,2583,1140
3065,2583,2583
3066,1920,1920
3067,1920,1320
3068,50,50
3069,1560,50
3070,1280,1180
3071,2060,2060
3072,1280,1280
3073,1300,1300
3074,2060,1320
3075,1302,1302
3076,1160,1160
3077,2585,2585
3078,1300,1300
3079,1300,1300
3080,2583,2583
3081,1280,1280
3082,1160,1160
3083,2583,2583
3084,1920,1920
3085,60,60
3086,2583,2583
3087,1920,1920
3088,2522,2522
3089,2403,2705
3090,2280,2280
3091,1302,1302
3092,2522,2522
3093,2583,1940
3094,40,40
3095,2522,2522
3096,1920,1920
3097,2583,1280
3098,1300,50
3099,2403,2403
3100,40,40
3101,2522,2522
3102,1560,2060
3103,2522,2522
3104,2583,2220
3105,2280,2280
3106,2403,2403
3107,2583,2585
3108,1300,1300
3109,40,40
3110,2280,2705
3111,2583,2583
3112,2403,2403
3113,1300,1300
3114,2583,2583
3115,1300,1300
3116,1280,1300
3117,1920,40
3118,1300,1281
3119,2583,2583
3120,2583,1302
3121,1160,1160
3122,1300,50
3123,1300,1300
3124,2705,10
3125,2583,1920
3126,2583,2583
3127,2060,2585
3128,2583,2583
3129,2403,10
3130,2583,2583
3131,2280,2280
3132,2522,2522
3133,1560,1560
3134,2403,2280
3135,2583,2583
3136,1280,1280
3137,1320,1320
3138,2060,1280
3139,2462,40
3140,2060,1560
3141,1920,1920
3142,2060,2060
3143,2060,1560
3144,2280,1140
3145,2280,2280
3146,1160,1160
3147,1560,1560
3148,2060,1940
3149,2583,2583
3150,1300,1280
3151,2583,2583
3152,2522,2522
3153,1920,2220
3154,1280,2522
3155,1560,1560
3156,1281,1281
3157,2280,10
3158,2280,2280
3159,2583,2583
3160,2403,2280
3161,40,40
3162,1920,1920
3163,2403,1281
3164,1140,1140
3165,40,40
3166,2403,2280
3167,1560,2060
3168,2280,2280
3169,2462,50
3170,2583,2583
3171,2583,2583
3172,2280,1560
3173,1560,2060
3174,1320,1320
3175,2583,2583
3176,10,10
3177,2060,2060
3178,1300,1300
3179,1140,1140
3180,1280,1140
3181,1280,1280
3182,1300,1140
3183,1160,1180
3184,1320,1320
3185,1300,1280
3186,2060,2582
3187,2583,2583
3188,1920,2220
3189,1300,1300
3190,2060,2060
3191,40,2462
3192,2280,10
3193,2583,2583
3194,1280,1280
3195,2522,2522
3196,1920,1920
3197,2583,2583
3198,2583,2583
3199,2583,2583
3200,1920,1920
3201,2060,1560
3202,2403,2280
3203,2522,2522
3204,2905,2905
3205,1560,1560
3206,1140,1160
3207,40,40
3208,1160,1160
3209,2583,2220
3210,2280,1140
3211,2583,2583
3212,2522,2522
3213,2522,2522
3214,1280,1140
3215,2583,2583
3216,2280,10
3217,2705,2705
3218,1320,1320
3219,2583,2585
3220,1300,1300
3221,2583,2583
3222,2705,2705
3223,2705,1281
3224,2583,2583
3225,1301,1301
3226,2583,2582
3227,2280,2280
3228,1140,1140
3229,2280,2280
3230,2582,2582
3231,2522,2522
3232,1300,1300
3233,1280,1280
3234,1160,1160
3235,1300,1300
3236,2522,2522
3237,1920,1920
3238,2060,1560
3239,1920,2705
3240,2403,2403
3241,2403,2403
3242,2583,2583
3243,2280,2280
3244,2060,2585
3245,1300,1280
3246,2060,2522
3247,1300,1280
3248,2060,2060
3249,1300,1300
3250,2522,2522
3251,2583,2582
3252,1300,1280
3253,1300,1300
3254,1280,10
3255,2403,2403
3256,1280,1280
3257,2583,2583
3258,2462,2462
3259,2522,2522
3260,2522,2522
3261,1560,1320
3262,2583,2585
3263,2583,2582
3264,50,50
3265,2403,2280
3266,2403,2403
3267,2522,2522
3268,1560,1560
3269,2583,2583
3270,1920,1920
3271,2280,2280
3272,2705,2905
3273,1300,1300
3274,10,10
3275,2060,2060
3276,1560,2060
3277,1300,1300
3278,2403,2403
3279,1160,1160
3280,2280,2280
3281,2403,10
3282,1280,1280
3283,1560,1560
3284,2583,1302
3285,2583,1302
3286,2060,1160
3287,1302,1302
3288,10,10
3289,2462,2462
3290,1280,60
3291,1320,1281
3292,2583,2583
3293,2522,10
3294,2403,2280
3295,1300,1300
3296,1300,1300
3297,60,60
3298,1160,1160
3299,1300,40
3300,60,60
3301,1280,1280
3302,2583,1300
3303,50,50
3304,60,60
3305,1280,1320
3306,1560,1560
3307,2280,2280
3308,2403,2403
3309,2060,2060
3310,1280,1280
3311,2583,2583
3312,1280,1280
3313,2060,2060
3314,2583,50
3315,2522,2522
3316,2462,2462
3317,2583,1301
3318,1560,2582
3319,2060,1302
3320,1280,10
3321,2280,2280
3322,1300,1300
3323,1560,2220
3324,1281,1281
3325,1280,1280
3326,2280,2280
3327,2522,2522
3328,2583,1302
3329,1300,1300
3330,2583,2583
3331,2583,2583
3332,2403,2403
3333,2522,2522
3334,1280,1281
3335,1280,40
3336,1560,1560
3337,2583,2583
3338,2403,2403
3339,2905,2905
3340,2060,2060
3341,2705,2705
3342,2280,2280
3343,2522,2522
3344,2522,2522
3345,2280,2280
3346,1280,1280
3347,1280,1320
3348,2280,2280
3349,1302,1302
3350,2583,2583
3351,2522,2522
3352,2060,2060
3353,2583,2060
3354,1920,1920
3355,2280,2280
3356,1300,1300
3357,1300,1320
3358,2060,2060
3359,2403,2403
3360,2462,40
3361,2583,2583
3362,1300,1300
3363,1920,1920
3364,1560,2582
3365,2280,2280
3366,1280,1302
3367,2583,1301
3368,2403,10
3369,1300,1300
3370,2403,2403
3371,1920,1920
3372,2060,2060
3373,2705,2705
3374,1280,1280
3375,2583,2582
3376,1320,2705
3377,1320,1320
3378,1180,1180
3379,40,40
3380,1320,1320
3381,1160,1160
3382,1140,1300
3383,2583,2583
3384,2522,2522
3385,10,10
3386,2522,1140
3387,1160,1180
3388,1560,1560
3389,2280,2280
3390,1560,2060
3391,2583,2583
3392,2522,2522
3393,2583,2583
3394,1280,1280
3395,2583,10
3396,1560,1560
3397,1160,1160
3398,2280,2280
3399,2280,2280
3400,1560,1920
3401,2060,1302
3402,2583,2583
3403,2280,2280
3404,2403,2403
3405,60,60
3406,1560,1560
3407,2583,1302
3408,2462,2462
3409,2583,2583
3410,2522,2522
3411,2583,2583
3412,2060,2060
3413,1140,1140
3414,1160,1160
3415,1560,1560
3416,1280,1280
3417,1300,40
3418,2583,2582
3419,2403,1281
3420,2060,1280
3421,1300,1300
3422,1302,1302
3423,1280,1280
3424,2583,2583
3425,1560,1560
3426,2905,2905
3427,2583,2583
3428,2705,2705
3429,2403,2403
3430,2280,2280
3431,2705,2705
3432,2583,2583
3433,1560,2582
3434,2403,2403
3435,2522,1560
3436,2583,2522
3437,2583,1140
3438,2522,2522
3439,2582,2582
3440,1300,1300
3441,2280,2280
3442,1160,1160
3443,2583,2582
3444,1560,1560
3445,40,50
3446,1920,1920
3447,1920,1920
3448,2583,2583
3449,2522,2522
3450,2280,2705
3451,2583,2220
3452,1320,1320
3453,2583,2705
3454,2583,2905
3455,1300,1300
3456,2583,2583
3457,2462,2462
3458,2705,2705
3459,2583,2583
3460,1300,1300
3461,1280,1280
3462,1320,1320
3463,2462,2462
3464,1920,1920
3465,2583,2583
3466,1280,50
3467,2583,2585
3468,2522,1160
3469,2403,2403
3470,2583,1302
3471,2403,40
3472,2280,2280
3473,60,60
3474,2462,2462
3475,2583,2403
3476,2583,1301
3477,2583,2585
3478,1560,1280
3479,2060,1560
3480,2583,2403
3481,2583,2583
3482,2462,2462
3483,2280,2280
3484,2583,1302
3485,2583,2582
3486,1160,1160
3487,1920,1920
3488,1280,1280
3489,1280,2060
3490,1560,2060
3491,1920,1280
3492,1300,1300
3493,2583,2582
3494,1140,10
3495,2583,2585
3496,1560,2585
3497,1160,1160
3498,2583,2583
3499,2280,10
3500,2705,2705
3501,1280,1302
3502,1920,1920
3503,2583,2583
3504,1160,1160
3505,1300,1300
3506,2403,2280
3507,1920,1920
3508,2060,2060
3509,2583,2583
3510,1160,1160
3511,1300,1300
3512,1280,1280
3513,60,60
3514,2583,2583
3515,2462,40
3516,2403,10
3517,1560,1560
3518,40,40
3519,1560,1560
3520,2583,2583
3521,2583,2582
3522,2583,2585
3523,2280,2280
3524,1920,1920
3525,2522,2522
3526,2403,10
3527,1300,2585
3528,1160,1160
3529,2705,2705
3530,1300,1300
3531,2060,2060
3532,1280,1140
3533,2583,2583
3534,2583,10
3535,2403,2403
3536,1560,2522
3537,2280,2280
3538,1140,1140
3539,2583,2585
3540,2462,2462
3541,1300,1300
3542,2462,2462
3543,2280,10
3544,2583,2583
3545,2403,40
3546,1560,1320
3547,1560,1560
3548,2403,2403
3549,2060,2060
3550,2705,2705
3551,1560,2060
3552,2403,2403
3553,2403,2403
3554,2583,2583
3555,2583,2585
3556,2583,2583
3557,2583,1300
3558,1140,1140
3559,10,10
3560,1160,1160
3561,2403,2280
3562,1140,1280
3563,2403,10
3564,1160,1160
3565,2583,2583
3566,2060,2060
3567,2583,2583
3568,1300,1300
3569,1280,40
3570,2583,2583
3571,2583,2220
3572,2522,2522
3573,2280,2280
3574,2583,2585
3575,1300,1300
3576,1140,1280
3577,1320,1320
3578,2280,2280
3579,2060,2060
3580,1300,1300
3581,2583,2583
3582,2583,2220
3583,2522,2522
3584,2583,2583
3585,2583,2583
3586,2583,2583
3587,1140,1140
3588,1560,1940
3589,1560,1560
3590,2280,10
3591,2583,2583
3592,2583,1320
3593,1140,1140
3594,2583,2583
3595,2280,2280
3596,40,40
3597,2403,2280
3598,2060,2060
3599,2522,2522
3600,2905,2905
3601,1160,1160
3602,1280,1280
3603,2280,2280
3604,2583,2585
3605,2403,2403
3606,2280,2280
3607,1300,1300
3608,1280,1280
3609,1302,1302
3610,2522,2522
3611,1560,1560
3612,1300,1300
3613,1560,1940
3614,2583,1940
3615,50,50
3616,2583,2583
3617,2583,1300
3618,60,60
3619,2583,2583
3620,1160,1160
3621,1920,1920
3622,1160,1160
3623,2403,2403
3624,1140,1140
3625,1280,40
3626,2060,2585
3627,2522,1280
3628,1300,1280
3629,40,2705
3630,1280,2462
3631,10,10
3632,2403,1281
3633,2060,10
3634,10,10
3635,1280,1280
3636,2705,2705
3637,2583,2583
3638,1320,1320
3639,2522,2522
3640,1300,1300
3641,1300,1280
3642,2583,2583
3643,2705,2705
3644,2583,2583
3645,1320,1320
3646,2583,2060
3647,1920,1920
3648,2583,50
3649,1320,1320
3650,1920,1920
3651,1320,1320
3652,1920,1920
3653,2280,2280
3654,1280,1302
3655,2583,1320
3656,2583,1560
3657,2583,2583
3658,2280,2280
3659,1560,2060
3660,2060,2582
3661,2705,2705
3662,1560,1560
3663,1140,1140
3664,2583,2583
3665,1300,1300
3666,2060,2060
3667,2583,2583
3668,2060,2060
3669,50,50
3670,1300,1300
3671,1560,1320
3672,2060,2060
3673,1560,1940
3674,2583,2583
3675,1300,50
3676,2403,10
3677,2583,2583
3678,1280,1280
3679,2060,2060
3680,1920,1560
3681,50,1280
3682,2583,2582
3683,2280,2280
3684,2060,2522
3685,1920,1920
3686,2705,2705
3687,2060,2060
3688,2403,2403
3689,2583,2583
3690,1300,1300
3691,2060,2522
3692,2583,2582
3693,2280,2280
3694,2060,1560
3695,2403,2280
3696,1140,1140
3697,1301,1301
3698,2403,2403
3699,1560,1560
3700,2060,2060
3701,10,10
3702,2583,2583
3703,1280,1280
3704,1920,1920
3705,1300,1300
3706,2403,2403
3707,1300,40
3708,2522,2522
3709,2280,2280
3710,2905,2905
3711,2403,2403
3712,2583,2583
3713,10,10
3714,40,40
3715,2585,2585
3716,1300,1280
3717,2522,2522
3718,1560,1320
3719,2522,2522
3720,1300,1300
3721,2522,2522
3722,2060,2060
3723,60,60
3724,2403,2403
3725,1920,1920
3726,2403,10
3727,1160,1160
3728,2583,2583
3729,1560,1560
3730,1920,1920
3731,2583,2583
3732,1140,1140
3733,1560,2060
3734,10,10
3735,2403,1140
3736,1280,1281
3737,1160,1160
3738,1920,1920
3739,2583,2462
3740,2583,2583
3741,2280,2280
3742,2403,40
3743,1300,1300
3744,2403,2403
3745,2060,50
3746,1160,40
3747,1560,2582
3748,1160,2280
3749,1300,50
3750,1920,1920
3751,2583,10
3752,1300,1300
3753,1160,1160
3754,2583,2583
3755,1280,1280
3756,1300,10
3757,2060,2060
3758,1560,1940
3759,2583,2583
3760,2060,2060
3761,2583,2583
3762,40,2462
3763,10,10
3764,1160,1160
3765,1320,1320
3766,1320,1320
3767,2060,2060
3768,2583,2583
3769,1302,1302
3770,1302,1281
3771,2403,2403
3772,2280,10
3773,2060,2060
3774,2280,2280
3775,2583,1940
3776,2583,2905
3777,1160,40
3778,2583,2583
3779,2583,50
3780,2583,2583
3781,1300,1300
3782,2583,2583
3783,1280,1302
3784,2403,2403
3785,2582,2582
3786,2583,2582
3787,2705,2705
3788,2060,2060
3789,1560,2522
3790,1280,2220
3791,2583,2583
3792,1300,1280
3793,1300,1280
3794,2060,2060
3795,2522,2522
3796,1320,1320
3797,2462,2462
3798,1301,1301
3799,1280,1280
3800,2583,2582
3801,2522,2522
3802,2583,2583
3803,1920,1920
3804,2403,1281
3805,1320,1320
3806,2583,2583
3807,1300,40
3808,1280,1280
3809,1280,1280
3810,2280,1281
3811,2403,2403
3812,2462,2462
3813,2280,2280
3814,2583,2583
3815,2522,2522
3816,2522,2522
3817,2705,2905
3818,1280,40
3819,2583,2060
3820,2705,10
3821,1280,1280
3822,1920,1920
3823,1920,1920
3824,1280,1280
3825,1160,1160
3826,2280,2280
3827,1280,1302
3828,2403,2403
3829,1920,1920
3830,2060,1560
3831,1300,1300
3832,1280,1280
3833,2060,2060
3834,1160,1160
3835,1300,1300
3836,1300,1300
3837,2403,10
3838,2060,2280
3839,1560,1560
3840,2280,2280
3841,1280,1280
3842,1320,1320
3843,1160,1160
3844,2705,2705
3845,2060,2585
3846,1280,40
3847,2583,2582
3848,1280,1301
3849,2280,2280
3850,2280,1140
3851,2280,1140
3852,2583,2705
3853,1280,1301
3854,2583,1320
3855,2583,2583
3856,2060,10
3857,1920,1920
3858,1302,50
3859,2280,2280
3860,2522,2522
3861,2583,1140
3862,2060,2060
3863,2403,2280
3864,2583,2583
3865,2583,2403
3866,2403,1180
3867,1560,1560
3868,2582,2582
3869,2583,1160
3870,1300,1300
3871,2403,10
3872,2583,2583
3873,2583,2583
3874,2403,2403
3875,2583,2522
3876,1302,1302
3877,1140,2280
3878,2583,2583
3879,1560,1560
3880,2583,2585
3881,1560,1560
3882,2905,2905
3883,1560,1560
3884,2583,1560
3885,40,40
3886,1560,2585
3887,2060,2060
3888,1300,1300
3889,2583,2583
3890,1320,1320
3891,2403,2403
3892,1300,1300
3893,1302,1302
3894,1560,1920
3895,2583,1140
3896,2583,2583
3897,1560,1560
3898,2220,2220
3899,2522,2522
3900,2583,2583
3901,2403,2403
3902,2403,2280
3903,40,40
3904,1320,1320
3905,1300,1300
3906,2583,2583
3907,2583,2583
3908,2583,2583
3909,2280,2403
3910,50,50
3911,2060,2060
3912,2583,2583
3913,2403,2280
3914,1300,1300
3915,2060,2060
3916,2280,10
3917,2403,2403
3918,2462,2462
3919,1320,1320
3920,1160,1160
3921,1300,1300
3922,2583,2583
3923,2583,1320
3924,2583,2583
3925,1280,1281
3926,1280,1302
3927,2403,1140
3928,60,60
3929,1160,1160
3930,1280,1280
3931,1560,1560
3932,1300,1300
3933,2522,2522
3934,2522,2522
3935,2705,2705
3936,2280,10
3937,1300,1300
3938,2583,2583
3939,1140,1140
3940,1560,2582
3941,2582,2582
3942,2280,10
3943,1560,1560
3944,2583,2582
3945,1560,2060
3946,2060,2705
3947,2522,2522
3948,1560,1320
3949,2583,1302
3950,1302,1302
3951,2060,1920
3952,2403,2403
3953,2582,2582
3954,2583,2583
3955,1920,1920
3956,2403,2403
3957,2582,2582
3958,1280,1280
3959,2060,1940
3960,1300,1300
3961,1160,1160
3962,50,60
3963,2403,1920
3964,2522,2522
3965,1280,1281
3966,1300,1280
3967,2280,2280
3968,1160,1160
3969,1160,1160
3970,1560,1560
3971,1160,1160
3972,2583,2583
3973,2583,1301
3974,2522,2522
3975,2060,2060
3976,2583,2583
3977,1560,2060
3978,1300,1300
3979,1300,40
3980,2280,2403
3981,2705,1281
3982,1160,1160
3983,2403,2403
3984,1160,1160
3985,1300,1300
3986,2280,2705
3987,1320,1320
3988,2582,2582
3989,1560,1560
3990,1280,1140
3991,2583,2583
3992,1280,1280
3993,2462,2462
3994,2403,1281
3995,2583,50
3996,1300,1300
3997,2583,2583
3998,1160,2522
3999,1560,2582
4000,2583,1280
4001,2280,2280
4002,2905,2905
4003,1560,2403
4004,1320,1320
4005,2462,2462
4006,1300,1300
4007,2583,2905
4008,2522,2522
4009,2583,2583
4010,2060,1280
4011,2060,2060
4012,2583,2582
4013,2583,1300
4014,2280,2280
4015,1280,1140
4016,2060,1140
4017,1281,1281
4018,2522,2522
4019,1140,1140
4020,2403,2705
4021,1300,50
4022,1920,1920
4023,1300,1300
4024,2583,2583
4025,1280,1301
4026,2403,2403
4027,1560,2522
4028,1302,1302
4029,2280,1300
4030,2060,1560
4031,1920,1920
4032,2583,2583
4033,2583,2585
4034,2583,2060
4035,2583,1302
4036,1280,1280
4037,1160,1160
4038,2403,10
4039,1140,1140
4040,2060,2060
4041,2583,2583
4042,1160,1160
4043,2583,2585
4044,60,60
4045,2583,2585
4046,1560,1560
4047,2280,1140
4048,2583,2905
4049,2583,2585
4050,2403,10
4051,50,50
4052,2060,1920
4053,2583,40
4054,10,10
4055,1300,1300
4056,2583,2583
4057,2280,2705
4058,2060,2060
4059,2220,2220
4060,50,2280
4061,2705,2705
4062,1280,1140
4063,2060,2060
4064,1160,1160
4065,2583,1300
4066,1160,1160
4067,1140,1280
4068,1160,1160
4069,1160,1160
4070,2583,1320
4071,1560,2585
4072,1300,1300
4073,2522,2522
4074,2403,2280
4075,2583,1302
4076,1920,1920
4077,1160,1281
4078,1560,1920
4079,2522,2522
4080,2060,2060
4081,1280,1280
4082,2280,2403
4083,2060,2060
4084,1300,1300
4085,2060,1920
4086,1560,2585
4087,1320,1320
4088,2705,2280
4089,2522,2522
4090,2583,1302
4091,2583,2583
4092,1280,1280
4093,2583,2583
4094,2583,2585
4095,2060,2060
4096,2522,10
4097,2060,2582
4098,1560,1280
4099,1280,1281
4100,1300,1280
4101,2583,2583
4102,2522,2522
4103,2585,2585
4104,2583,1300
4105,2583,1940
4106,1300,1300
4107,2403,2403
4108,1280,1280
4109,2280,2403
4110,2522,2522
4111,2583,2583
4112,2583,2583
4113,2583,2583
4114,2522,1301
4115,2403,2403
4116,2060,2522
4117,2583,1320
4118,2403,2403
4119,1160,1160
4120,2583,2583
4121,1300,1300
4122,1160,1160
4123,2060,2280
4124,1560,2585
4125,1560,1560
4126,1560,1560
4127,2583,2585
4128,2583,2583
4129,2522,2522
4130,2060,2060
4131,1560,1560
4132,1280,40
4133,2403,2403
4134,2060,2705
4135,1160,1160
4136,2583,2280
4137,2583,2905
4138,2583,1940
4139,10,10
4140,2583,1940
4141,1160,1160
4142,50,1280
4143,2583,1560
4144,1920,1920
4145,2403,2705
4146,1300,1300
4147,1280,1280
4148,1560,50
4149,1920,1920
4150,2280,2280
4151,1280,1140
4152,2280,2280
4153,2583,1920
4154,2060,2060
4155,2583,2582
4156,2403,2403
4157,1300,1300
4158,2280,1180
4159,2060,2060
4160,1280,1280
4161,2522,2522
4162,1300,1300
4163,2705,2705
4164,1280,1300
4165,1920,1920
4166,2583,2583
4167,1920,1920
4168,1280,1301
4169,1560,1560
4170,40,50
4171,2583,1281
4172,2522,1281
4173,1560,1560
4174,2060,2220
4175,1280,10
4176,2060,2060
4177,1280,1280
4178,2583,2583
4179,2280,2280
4180,2583,2583
4181,2583,2462
4182,10,10
4183,1920,1920
4184,1280,1280
4185,2583,1302
4186,2060,2582
4187,2705,2705
4188,1300,10
4189,1160,1160
4190,2583,1302
4191,2403,2403
4192,1302,2060
4193,1300,1300
4194,2583,2583
4195,1280,1280
4196,2705,2705
4197,1140,1140
4198,2403,2403
4199,1302,1302
4200,2522,2522
4201,1920,1920
4202,2060,2060
4203,1300,1300
4204,2280,2280
4205,2060,1300
4206,1140,1140
4207,2583,2583
4208,2583,2583
4209,2583,10
4210,2905,50
4211,1280,1302
4212,1560,1560
4213,2403,2403
4214,1280,1280
4215,2583,2583
4216,2280,2280
4217,1160,1160
4218,2583,2585
4219,2583,2583
4220,1300,1300
4221,2583,2583
4222,1560,1560
4223,2583,2583
4224,2583,2583
4225,1320,1320
4226,1300,1300
4227,2583,2583
4228,2462,2462
4229,2583,2583
4230,1280,1281
4231,1920,1920
4232,2060,2060
4233,2905,2905
4234,2583,2583
4235,1302,1302
4236,2280,2705
4237,2403,2705
4238,2583,1280
4239,2060,40
4240,2403,2403
4241,1140,1140
4242,50,50
4243,1140,1140
4244,50,50
4245,1560,1560
4246,50,50
4247,2060,2060
4248,2522,2522
4249,1160,1160
4250,1302,1302
4251,2522,2522
4252,1160,1160
4253,2583,2583
4254,2583,10
4255,2280,2403
4256,2060,2060
4257,2403,1160
4258,1560,1301
4259,1160,1160
4260,1160,1160
4261,2583,2582
4262,2522,2522
4263,2583,2060
4264,2060,2060
4265,2280,2280
4266,2583,10
4267,2583,2583
4268,2583,2583
4269,1300,10
4270,2280,2280
4271,1320,1320
4272,2583,1920
4273,2583,2583
4274,1940,1940
4275,2403,2403
4276,1140,50
4277,1300,1300
4278,1140,1140
4279,1300,1300
4280,2280,2280
4281,2403,2403
4282,2582,2582
4283,2522,2522
4284,2403,2403
4285,1160,1160
4286,2583,2582
4287,1160,1160
4288,1280,1140
4289,1920,1920
4290,1140,1280
4291,1300,1302
4292,2403,10
4293,2522,2522
4294,1300,1280
4295,2583,2583
4296,1280,1320
4297,2583,1940
4298,1280,1300
4299,1560,50
4300,1160,1160
4301,2522,2522
4302,1920,1920
4303,2583,2583
4304,2585,2585
4305,2583,1320
4306,2583,2583
4307,2705,2705
4308,1920,1920
4309,2522,2522
4310,2585,2585
4311,1560,1560
4312,2403,40
4313,2583,2522
4314,40,40
4315,2403,2403
4316,2705,2705
4317,1300,40
4318,1920,1920
4319,1280,2220
4320,2060,2060
4321,2583,1940
4322,2705,2705
4323,1280,1280
4324,2522,2522
4325,2583,2583
4326,2462,2462
4327,1280,1320
4328,1300,1280
4329,40,2462
4330,1300,1300
4331,1140,1140
4332,2583,40
4333,2403,2403
4334,1160,1160
4335,2583,2583
4336,1160,1160
4337,2583,2583
4338,1300,1300
4339,2522,1280
4340,1160,1160
4341,1300,50
4342,1300,1300
4343,2462,2462
4344,1281,1281
4345,2403,2403
4346,1920,2060
4347,2522,2522
4348,2583,2582
4349,2583,2583
4350,2403,1140
4351,1300,1300
4352,1560,2522
4353,1560,2220
4354,2583,2583
4355,2583,1320
4356,1560,1560
4357,1140,1140
4358,1140,1140
4359,1140,1140
4360,2403,2462
4361,2583,1280
4362,1320,1320
4363,2583,2583
4364,1920,1920
4365,2280,10
4366,1320,1320
4367,2583,1281
4368,2280,2280
4369,2522,2522
4370,2522,2522
4371,1280,10
4372,2403,2403
4373,2583,2583
4374,2280,2280
4375,2583,2583
4376,2462,2462
4377,2583,10
4378,2583,2583
4379,1302,1302
4380,1920,1920
4381,1300,1300
4382,1300,1280
4383,2583,1302
4384,1160,1160
4385,2583,2583
4386,2060,2585
4387,1300,1300
4388,1920,1920
4389,2582,2582
4390,1560,1280
4391,2403,2403
4392,2403,10
4393,2583,1281
4394,1300,1300
4395,1280,1280
4396,2522,2522
4397,2462,50
4398,1280,1280
4399,2060,2582
4400,2060,1560
4401,2060,1280
4402,2583,2522
4403,60,60
4404,2583,2583
4405,2583,2583
4406,2403,2403
4407,1300,1280
4408,2583,10
4409,2583,2585
4410,2583,1281
4411,2060,2585
4412,2522,2522
4413,2280,2280
4414,1560,1560
4415,2583,2583
4416,2583,2583
4417,2280,2280
4418,1140,1140
4419,2462,2462
4420,2583,2583
4421,1280,1281
4422,1300,40
4423,2060,1560
4424,2522,2522
4425,2583,40
4426,2583,2583
4427,2060,2060
4428,2060,2060
4429,1280,1280
4430,1160,1160
4431,1560,1940
4432,2060,1560
4433,1300,1280
4434,2583,2280
4435,1300,1300
4436,2280,10
4437,1280,60
4438,2583,2583
4439,1560,2060
4440,2403,2403
4441,2060,1320
4442,2403,1160
4443,2582,2583
4444,2583,1180
4445,1160,1281
4446,2522,2522
4447,2705,2705
4448,1300,2582
4449,2583,2583
4450,2522,2522
4451,1140,1140
4452,1160,1160
4453,2060,10
4454,1560,1560
4455,1140,1140
4456,2583,1940
4457,2705,2705
4458,2060,1920
4459,1320,1320
4460,40,60
4461,2583,2583
4462,2060,2060
4463,1560,1320
4464,2403,40
4465,2522,1940
4466,1920,1920
4467,2060,1560
4468,2060,2060
4469,2583,2583
4470,2280,2403
4471,2060,10
4472,2583,10
4473,2583,2583
4474,2583,2583
4475,1280,1281
4476,1280,1280
4477,2403,10
4478,1140,1140
4479,2583,2583
4480,1160,1160
4481,1280,1280
4482,1300,1300
4483,1920,1920
4484,1920,2060
4485,2583,2583
4486,2403,2280
4487,2522,2522
4488,1920,1920
4489,2060,2585
4490,2583,10
4491,1560,2060
4492,2403,2403
4493,1300,50
4494,2583,50
4495,1160,1160
4496,2522,2522
4497,2583,1280
4498,2403,2403
4499,2522,2522
4500,2583,2582
4501,2905,2905
4502,1280,1281
4503,1280,2705
4504,2403,2705
4505,1280,1280
4506,1560,2582
4507,1920,1920
4508,2583,2583
4509,2583,2582
4510,1320,1320
4511,2583,2583
4512,2522,2522
4513,2583,2583
4514,1560,2060
4515,2060,2585
4516,2522,2522
4517,2583,1281
4518,2462,2462
4519,2583,2583
4520,1280,1280
4521,2522,2522
4522,2583,1301
4523,1560,1560
4524,1300,1300
4525,1280,1280
4526,2583,2582
4527,2583,2583
4528,1560,1320
4529,2583,2060
4530,2462,2462
4531,2403,2403
4532,2280,2280
4533,2583,2585
4534,2280,2280
4535,1920,1920
4536,2583,2585
4537,2280,1180
4538,1320,1320
4539,2522,2522
4540,2583,2582
4541,2583,1180
4542,1302,1302
4543,1560,1560
4544,2583,2583
4545,1300,1300
4546,2583,1281
4547,1560,1560
4548,1920,1920
4549,1280,1920
4550,1160,1160
4551,2403,2403
4552,1560,1560
4553,2280,10
4554,1300,1300
4555,1560,1560
4556,2583,2582
4557,2583,2905
4558,2522,2522
4559,1300,1300
4560,1300,1300
4561,2522,1281
4562,1940,1940
4563,2403,2403
4564,2522,2585
4565,2060,2060
4566,1300,1300
4567,2522,2522
4568,2582,2582
4569,1160,1160
4570,2060,2060
4571,1560,1320
4572,2280,10
4573,2403,2403
4574,2403,2403
4575,2583,2583
4576,1280,1320
4577,2583,1160
4578,2403,10
4579,2583,2705
4580,1140,1140
4581,2522,2522
4582,2583,2280
4583,2705,2705
4584,1160,1160
4585,2280,2403
4586,2583,2582
4587,1300,1300
4588,2060,2220
4589,1300,1300
4590,1160,1160
4591,2583,1302
4592,1920,2060
4593,1920,1920
4594,2522,2522
4595,2060,2585
4596,2583,2905
4597,2280,2280
4598,2280,2280
4599,2583,1281
4600,2583,1940
4601,1280,1281
4602,1560,1560
4603,1300,1300
4604,1280,1140
4605,1320,1320
4606,2280,2280
4607,1280,1280
4608,1160,1160
4609,1560,1320
4610,1300,1300
4611,1300,1300
4612,2522,2522
4613,2060,2060
4614,1300,2462
4615,2583,2583
4616,2280,2280
4617,1280,2220
4618,1280,1280
4619,2583,2583
4620,40,50
4621,2583,1302
4622,1280,1280
4623,1300,10
4624,2522,2522
4625,60,60
4626,1300,1280
4627,2060,2060
4628,50,50
4629,2583,2462
4630,1560,1940
4631,2280,2403
4632,2583,2583
4633,2583,2583
4634,2583,1320
4635,1560,1560
4636,1560,2060
4637,1300,1300
4638,1300,1300
4639,40,40
4640,1280,1302
4641,2522,10
4642,1281,1281
4643,1160,1160
4644,2582,10
4645,2060,2060
4646,2280,2280
4647,2583,2583
4648,2583,2582
4649,2280,2280
4650,2583,2522
4651,2060,1302
4652,1920,1920
4653,50,2462
4654,2280,2280
4655,1301,1301
4656,2060,2060
4657,1920,1920
4658,1280,1302
4659,1300,1300
4660,2583,2583
4661,2060,2060
4662,2403,1160
4663,2583,2583
4664,1560,2582
4665,2462,50
4666,2583,2583
4667,2522,2522
4668,2280,2280
4669,1300,1300
4670,2583,2583
4671,2583,1320
4672,2522,2522
4673,2583,2582
4674,1280,1302
4675,2583,40
4676,2403,2280
4677,50,50
4678,1140,1281
4679,1920,1920
4680,1160,1160
4681,2583,2583
4682,2060,2060
4683,2522,2522
4684,2583,2582
4685,2583,2583
4686,2583,2583
4687,1320,1320
4688,2462,2462
4689,1300,1300
4690,1560,1560
4691,1160,1160
4692,2403,2403
4693,2583,2585
4694,1300,1300
4695,1300,40
4696,1320,1320
4697,2583,2583
4698,1300,1300
4699,2060,2060
4700,2583,10
4701,1160,1160
4702,1560,2905
4703,2403,2403
4704,2462,2462
4705,2060,2220
4706,1920,1920
4707,2583,2583
4708,2403,2403
4709,1560,1560
4710,2583,2585
4711,1300,1280
4712,1920,1920
4713,1180,1180
4714,2583,2583
4715,1160,1160
4716,2583,2583
4717,2280,10
4718,2060,2060
4719,1920,1560
4720,2583,1940
4721,1300,1300
4722,1560,2403
4723,2582,2582
4724,1300,1300
4725,1320,1320
4726,1320,1320
4727,2583,2583
4728,2280,2280
4729,1160,2280
4730,1560,1560
4731,1320,1320
4732,2403,2403
4733,1280,1281
4734,2060,2220
4735,1160,1160
4736,2060,2582
4737,2583,40
4738,2583,2583
4739,2060,2060
4740,1920,1920
4741,2583,1320
4742,1280,10
4743,1300,1300
4744,60,60
4745,2705,2705
4746,1920,1920
4747,2060,2060
4748,1160,1160
4749,2060,2060
4750,1281,1281
4751,1160,2403
4752,2403,2403
4753,1280,1302
4754,1300,1300
4755,1280,1281
4756,1280,1280
4757,2522,2522
4758,1300,1300
4759,1160,1160
4760,2583,2583
4761,2060,2060
4762,40,40
4763,1920,1920
4764,1300,1300
4765,1920,1320
4766,2522,2522
4767,1280,1302
4768,2060,2060
4769,2462,2462
4770,2280,2280
4771,2705,2705
4772,2583,1180
4773,2060,2060
4774,2403,10
4775,2522,2522
4776,1280,1280
4777,2280,2280
4778,2583,2583
4779,2522,2522
4780,2403,40
4781,2403,1160
4782,2280,2280
4783,1160,1160
4784,2583,1300
4785,1560,2060
4786,2583,2583
4787,1300,1300
4788,2583,2060
4789,1920,1920
4790,1300,1280
4791,2583,2582
4792,1160,1160
4793,1300,1300
4794,2582,1560
4795,2583,2583
4796,1302,1302
4797,1140,40
4798,2280,2403
4799,2522,2522
4800,2583,2583
4801,2583,2583
4802,2403,2403
4803,2280,2280
4804,1300,1300
4805,1560,1560
4806,2403,40
4807,2583,2583
4808,2583,2583
4809,2403,10
4810,1300,1300
4811,2583,1940
4812,2583,2583
4813,2403,2403
4814,2060,2522
4815,1300,50
4816,1140,2280
4817,40,40
4818,2522,2522
4819,2403,2403
4820,1160,2403
4821,1160,1160
4822,2583,2583
4823,2060,2060
4824,1320,1320
4825,1280,1280
4826,1560,1560
4827,2583,2583
4828,2583,2583
4829,2060,2220
4830,1300,1300
4831,1280,1280
4832,50,50
4833,1140,40
4834,2583,1320
4835,2403,2403
4836,2583,2582
4837,2403,2462
4838,2060,2220
4839,1160,1160
4840,1302,1302
4841,2583,40
4842,2522,2522
4843,2583,2582
4844,2583,2522
4845,2060,2585
4846,2583,2583
4847,1920,1920
4848,2060,2060
4849,2403,2403
4850,2583,2403
4851,2403,2462
4852,1300,2462
4853,2583,2403
4854,1280,1280
4855,2280,2280
4856,2280,1300
4857,1140,1140
4858,1300,2522
4859,1560,1560
4860,2060,2060
4861,2583,2583
4862,2583,2583
4863,1300,1300
4864,1160,1160
4865,40,40
4866,1300,1280
4867,1280,1280
4868,2522,2522
4869,1560,2060
4870,1920,2582
4871,2060,2060
4872,2583,2585
4873,2403,2403
4874,2583,2583
4875,1560,1560
4876,1280,1302
4877,1302,1302
4878,2280,2280
4879,1920,1920
4880,2583,1280
4881,40,2462
4882,1300,1300
4883,1300,1300
4884,1280,1302
4885,2060,2582
4886,2522,2522
4887,2583,2583
4888,2583,2582
4889,1160,1160
4890,1300,1300
4891,2060,2060
4892,1560,1320
4893,1560,2585
4894,1940,1940
4895,1320,1320
4896,10,10
4897,2583,1940
4898,2280,2280
4899,2905,2905
4900,2403,10
4901,1140,1140
4902,1560,1560
4903,1280,1281
4904,2060,1560
4905,2583,2583
4906,1140,1140
4907,2060,2060
4908,2060,2060
4909,2583,2583
4910,2583,2220
4911,40,40
4912,2583,2583
4913,2280,2280
4914,1560,1560
4915,2522,2522
